2026학년도 1학기 본과정(계약학과 포함) 전체 강의시간표,,,,,,,,
1. 2026. 1. 30.자 시간표로 교원 충원 및 강의실 사정 등에 따라 변동될 수 있음,,,,,,,,
2. 교양 교과목에 대한 상세 안내는 교양 시간표 안내 공지를 참조,,,,,,,,
3. 실용음악과 전공실기 교과목 배정 관련 사항은 학과 문의,,,,,,,,
과정부분,학과명,과목명,분반,교수명,학년,이수구분명,학점,시간표
본과정,산업경영공학과,IE정보능력,101,박은실,1,교양과정,2,수 10:00 - 10:50 ( 공701 )  수 11:00 - 11:50 ( 공701 )
본과정,산업경영공학과,IE정보능력,102,박은실,1,교양과정,2,화 10:00 - 10:50 ( 공701 )  화 11:00 - 11:50 ( 공701 )
본과정,산업경영공학과,IE정보능력,103,박은실,1,교양과정,2,화 13:00 - 13:50 ( 공701 )  화 14:00 - 14:50 ( 공701 )
본과정,산업경영공학과,경영과학,101,최성희,1,전공과정,3,화 13:00 - 13:50 ( 공716 )  화 14:00 - 14:50 ( 공716 )  화 15:00 - 15:50 ( 공716 )
본과정,산업경영공학과,경영과학,102,최성희,1,전공과정,3,목 09:00 - 09:50 ( 공716 )  목 10:00 - 10:50 ( 공716 )  목 11:00 - 11:50 ( 공716 )
본과정,산업경영공학과,경영과학,103,최성희,1,전공과정,3,수 13:00 - 13:50 ( 공716 )  수 14:00 - 14:50 ( 공716 )  수 15:00 - 15:50 ( 공716 )
본과정,산업경영공학과,물류시스템경영,101,유양호,1,전공과정,3,목 09:00 - 09:50 ( 공704 )  목 10:00 - 10:50 ( 공704 )  목 11:00 - 11:50 ( 공704 )
본과정,산업경영공학과,물류시스템경영,102,여동기,1,전공과정,3,수 09:00 - 09:50 ( 공714 )  수 10:00 - 10:50 ( 공714 )  수 11:00 - 11:50 ( 공714 )
본과정,산업경영공학과,물류시스템경영,103,유양호,1,전공과정,3,수 13:00 - 13:50 ( 공704 )  수 14:00 - 14:50 ( 공704 )  수 15:00 - 15:50 ( 공704 )
본과정,산업경영공학과,산업경영공학개론,101,최성희,1,전공과정,3,목 13:00 - 13:50 ( 공716 )  목 14:00 - 14:50 ( 공716 )  목 15:00 - 15:50 ( 공716 )
본과정,산업경영공학과,산업경영공학개론,102,최성희,1,전공과정,3,화 13:00 - 13:50 ( 공716 )  화 14:00 - 14:50 ( 공716 )  화 15:00 - 15:50 ( 공716 )
본과정,산업경영공학과,산업경영공학개론,103,최성희,1,전공과정,3,수 09:00 - 09:50 ( 공716 )  수 10:00 - 10:50 ( 공716 )  수 11:00 - 11:50 ( 공716 )
본과정,산업경영공학과,통계학,101,임병권,1,전공과정,3,화 13:00 - 13:50 ( 공715 )  화 14:00 - 14:50 ( 공715 )  화 15:00 - 15:50 ( 공715 )
본과정,산업경영공학과,통계학,102,임병권,1,전공과정,3,수 13:00 - 13:50 ( 공715 )  수 14:00 - 14:50 ( 공715 )  수 15:00 - 15:50 ( 공715 )
본과정,산업경영공학과,통계학,103,임병권,1,전공과정,3,목 13:00 - 13:50 ( 공715 )  목 14:00 - 14:50 ( 공715 )  목 15:00 - 15:50 ( 공715 )
본과정,산업경영공학과,물류관리실무,101,김홍재,2,전공과정,3,수 13:00 - 13:50 ( 공714 )  수 14:00 - 14:50 ( 공714 )  수 15:00 - 15:50 ( 공714 )
본과정,산업경영공학과,물류관리실무,102,김성태,2,전공과정,3,월 14:00 - 14:50 ( 공714 )  월 15:00 - 15:50 ( 공714 )  월 16:00 - 16:50 ( 공714 )
본과정,산업경영공학과,물류관리실무,103,김홍재,2,전공과정,3,화 13:00 - 13:50 ( 공714 )  화 14:00 - 14:50 ( 공714 )  화 15:00 - 15:50 ( 공714 )
본과정,산업경영공학과,설비관리,101,여동기,2,전공과정,3,목 14:00 - 14:50 ( 공705 )  목 15:00 - 15:50 ( 공705 )  목 16:00 - 16:50 ( 공705 )
본과정,산업경영공학과,설비관리,102,박병태,2,전공과정,3,화 13:25 - 14:25 ( 공704 )  화 14:25 - 15:25 ( 공704 )  화 15:25 - 16:25 ( 공704 )
본과정,산업경영공학과,설비관리,103,박병태,2,전공과정,3,목 13:25 - 14:25 ( 공704 )  목 14:25 - 15:25 ( 공704 )  목 15:25 - 16:25 ( 공704 )
본과정,산업경영공학과,제품연구개발,101,김홍재,2,전공과정,3,화 13:00 - 13:50 ( 공703 )  화 14:00 - 14:50 ( 공703 )  화 15:00 - 15:50 ( 공703 )
본과정,산업경영공학과,제품연구개발,102,김홍재,2,전공과정,3,수 13:00 - 13:50 ( 공703 )  수 14:00 - 14:50 ( 공703 )  수 15:00 - 15:50 ( 공703 )
본과정,산업경영공학과,제품연구개발,103,김홍재,2,전공과정,3,월 13:00 - 13:50 ( 공703 )  월 14:00 - 14:50 ( 공703 )  월 15:00 - 15:50 ( 공703 )
본과정,산업경영공학과,품질정보시스템,101,김홍재,2,전공과정,3,화 09:00 - 09:50 ( 공704 )  화 10:00 - 10:50 ( 공704 )  화 11:00 - 11:50 ( 공704 )
본과정,산업경영공학과,품질정보시스템,102,김홍재,2,전공과정,3,목 13:00 - 13:50 ( 공701 )  목 14:00 - 14:50 ( 공701 )  목 15:00 - 15:50 ( 공701 )
본과정,산업경영공학과,품질정보시스템,103,김홍재,2,전공과정,3,수 13:00 - 13:50 ( 공701 )  수 14:00 - 14:50 ( 공701 )  수 15:00 - 15:50 ( 공701 )
본과정,산업경영공학과,회계정보시스템,101,김용수,2,전공과정,3,월 13:00 - 13:50 ( 공715 )  월 14:00 - 14:50 ( 공715 )  월 15:00 - 15:50 ( 공715 )
본과정,산업경영공학과,회계정보시스템,102,김용수,2,전공과정,3,화 09:00 - 09:50 ( 공715 )  화 10:00 - 10:50 ( 공715 )  화 11:00 - 11:50 ( 공715 )
본과정,산업경영공학과,회계정보시스템,103,김용수,2,전공과정,3,월 09:00 - 09:50 ( 공715 )  월 10:00 - 10:50 ( 공715 )  월 11:00 - 11:50 ( 공715 )
본과정,기계공학과,AI영상인식응용실습,101,박용군,1,전공과정,3,금 14:00 - 14:50 ( 공113 )  금 15:00 - 15:50 ( 공113 )  금 16:00 - 16:50 ( 공113 )
본과정,기계공학과,AI영상인식응용실습,102,박용군,1,전공과정,3,금 10:00 - 10:50 ( 공113 )  금 11:00 - 11:50 ( 공113 )  금 12:00 - 12:50 ( 공113 )
본과정,기계공학과,AI영상인식응용실습,103,임헌봉,1,전공과정,3,월 14:00 - 14:50 ( 공113 )  월 15:00 - 15:50 ( 공113 )  월 16:00 - 16:50 ( 공113 )
본과정,기계공학과,AI영상인식응용실습,104,임헌봉,1,전공과정,3,월 09:00 - 09:50 ( 공113 )  월 10:00 - 10:50 ( 공113 )  월 11:00 - 11:50 ( 공113 )
본과정,기계공학과,기계공학기초,101,임헌봉,1,전공과정,2,목 15:00 - 15:50 ( 공113 )  목 16:00 - 16:50 ( 공113 )
본과정,기계공학과,기계공학기초,102,임헌봉,1,전공과정,2,목 10:00 - 10:50 ( 공113 )  목 11:00 - 11:50 ( 공113 )
본과정,기계공학과,기계공학기초,103,임헌봉,1,전공과정,2,목 13:00 - 13:50 ( 공113 )  목 14:00 - 14:50 ( 공113 )
본과정,기계공학과,기계정보능력,101,유경화,1,교양과정,2,목 13:00 - 13:50 ( 공116 )  목 14:00 - 14:50 ( 공116 )
본과정,기계공학과,기계정보능력,102,유경화,1,교양과정,2,목 15:00 - 15:50 ( 공116 )  목 16:00 - 16:50 ( 공116 )
본과정,기계공학과,기계정보능력,103,유경화,1,교양과정,2,목 10:00 - 10:50 ( 공116 )  목 11:00 - 11:50 ( 공116 )
본과정,기계공학과,기계제작실습,101,최진석,1,전공과정,3,금 10:00 - 10:50 ( 공B106 )  금 11:00 - 11:50 ( 공B106 )  금 12:00 - 12:50 ( 공B106 )
본과정,기계공학과,기계제작실습,102,최진석,1,전공과정,3,금 14:00 - 14:50 ( 공B106 )  금 15:00 - 15:50 ( 공B106 )  금 16:00 - 16:50 ( 공B106 )
본과정,기계공학과,기계제작실습,103,최진석,1,전공과정,3,월 09:00 - 09:50 ( 공B106 )  월 10:00 - 10:50 ( 공B106 )  화 11:00 - 11:50 ( 공B106 )
본과정,기계공학과,기계제작실습,104,최진석,1,전공과정,3,월 14:00 - 14:50 ( 공B106 )  월 15:00 - 15:50 ( 공B106 )  월 16:00 - 16:50 ( 공B106 )
본과정,기계공학과,승강기기초,101,최진석,1,전공과정,2,목 10:00 - 10:50 ( 공117 )  목 11:00 - 11:50 ( 공117 )
본과정,기계공학과,승강기기초,102,최진석,1,전공과정,2,목 13:00 - 13:50 ( 공117 )  목 14:00 - 14:50 ( 공117 )
본과정,기계공학과,승강기기초,103,최진석,1,전공과정,2,목 15:00 - 15:50 ( 공117 )  목 16:00 - 16:50 ( 공117 )
본과정,기계공학과,전산응용제도,101,박용군,1,전공과정,2,화 12:00 - 12:50 ( 공110 )  화 13:00 - 13:50 ( 공110 )
본과정,기계공학과,전산응용제도,102,박용군,1,전공과정,2,화 14:00 - 14:50 ( 공110 )  화 15:00 - 16:50 ( 공110 )
본과정,기계공학과,전산응용제도,103,박용군,1,전공과정,2,화 10:00 - 10:50 ( 공110 )  화 11:00 - 11:50 ( 공110 )
본과정,기계공학과,AI설계최적화실습,101,임헌봉,2,전공과정,3,화 12:00 - 12:50 ( 공113 )  화 13:00 - 13:50 ( 공113 )  화 14:00 - 14:50 ( 공113 )
본과정,기계공학과,AI설계최적화실습,102,임헌봉,2,전공과정,3,수 12:00 - 12:50 ( 공113 )  수 13:00 - 13:50 ( 공113 )  수 14:00 - 14:50 ( 공113 )
본과정,기계공학과,AI설계최적화실습,103,임헌봉,2,전공과정,3,수 15:00 - 15:50 ( 공113 )  수 16:00 - 16:50 ( 공113 )  수 17:00 - 17:50 ( 공113 )
본과정,기계공학과,냉동공조,101,최진석,2,전공과정,2,화 10:00 - 10:50 ( 공108 )  화 11:00 - 11:50 ( 공108 )
본과정,기계공학과,냉동공조,102,최진석,2,전공과정,2,화 13:00 - 13:50 ( 공108 )  화 14:00 - 14:50 ( 공108 )
본과정,기계공학과,냉동공조,103,최진석,2,전공과정,2,화 15:00 - 15:50 ( 공108 )  화 16:00 - 16:50 ( 공108 )
본과정,기계공학과,메카트로닉스,101,박용군,2,전공과정,2,목 13:00 - 13:50 ( 공110 )  목 14:00 - 14:50 ( 공110 )
본과정,기계공학과,메카트로닉스,102,박용군,2,전공과정,2,목 09:00 - 09:50 ( 공110 )  목 10:00 - 10:50 ( 공110 )
본과정,기계공학과,메카트로닉스,103,박용군,2,전공과정,2,목 15:00 - 15:50 ( 공110 )  목 16:00 - 16:50 ( 공110 )
본과정,기계공학과,스마트설비실무실습,101,정상훈,2,전공과정,3,수 12:00 - 12:50 ( 공B106 )  수 13:00 - 13:50 ( 공B106 )  수 14:00 - 14:50 ( 공B106 )
본과정,기계공학과,스마트설비실무실습,102,정상훈,2,전공과정,3,수 15:00 - 15:50 ( 공B106 )  수 16:00 - 16:50 ( 공B106 )  수 17:00 - 17:50 ( 공B106 )
본과정,기계공학과,스마트설비실무실습,103,정상훈,2,전공과정,3,화 12:00 - 12:50 ( 공B106 )  화 13:00 - 13:50 ( 공B106 )  화 14:00 - 14:50 ( 공B106 )
본과정,기계공학과,승강기구조및실습(S),101,안일규,2,전공과정,3,목 09:00 - 09:50 ( 공107 )  목 10:00 - 10:50 ( 공107 )  목 11:00 - 11:50 ( 공107 )
본과정,기계공학과,승강기구조및실습(S),102,안일규,2,전공과정,3,목 15:00 - 15:50 ( 공107 )  목 16:00 - 16:50 ( 공107 )  목 17:00 - 17:50 ( 공107 )
본과정,기계공학과,승강기구조및실습(S),103,안일규,2,전공과정,3,목 12:00 - 12:50 ( 공107 )  목 13:00 - 13:50 ( 공107 )  목 14:00 - 14:50 ( 공107 )
본과정,기계공학과,전기전자제어공학실습,101,김기동,2,전공과정,3,목 15:00 - 15:50 ( 공108 )  목 16:00 - 16:50 ( 공108 )  목 17:00 - 17:50 ( 공108 )
본과정,기계공학과,전기전자제어공학실습,102,김기동,2,전공과정,3,목 12:00 - 12:50 ( 공108 )  목 13:00 - 13:50 ( 공108 )  목 14:00 - 14:50 ( 공108 )
본과정,기계공학과,전기전자제어공학실습,103,김기동,2,전공과정,3,목 09:00 - 09:50 ( 공108 )  목 10:00 - 10:50 ( 공108 )  목 11:00 - 11:50 ( 공108 )
본과정,기계공학과,캡스톤디자인,101,박용군,2,전공과정,3,수 15:00 - 15:50 ( 공110 )  수 16:00 - 16:50 ( 공110 )  수 17:00 - 17:50 ( 공110 )
본과정,기계공학과,캡스톤디자인,102,임헌봉,2,전공과정,3,화 15:00 - 15:50 ( 공113 )  화 16:00 - 16:50 ( 공113 )  화 17:00 - 17:50 ( 공113 )
본과정,기계공학과,캡스톤디자인,103,최진석,2,전공과정,3,수 12:00 - 12:50 ( 공110 )  수 13:00 - 13:50 ( 공110 )  수 14:00 - 14:50 ( 공110 )
본과정,토목공학과,상수도설계,101,김학수,1,전공과정,2,수 15:00 - 15:50 ( 공207 )  수 16:00 - 16:50 ( 공207 )
본과정,토목공학과,상수도설계,102,김학수,1,전공과정,2,수 13:00 - 13:50 ( 공207 )  수 14:00 - 14:50 ( 공207 )
본과정,토목공학과,상수도설계,103,김학수,1,전공과정,2,수 09:00 - 09:50 ( 공207 )  수 10:00 - 10:50 ( 공207 )
본과정,토목공학과,수리학I,101,곽문수,1,전공과정,3,화 10:25 - 11:50 ( 공207 )  화 13:00 - 14:25 ( 공207 )
본과정,토목공학과,수리학I,102,곽문수,1,전공과정,3,월 09:00 - 10:25 ( 공207 )  월 14:00 - 15:25 ( 공207 )
본과정,토목공학과,수리학I,103,곽문수,1,전공과정,3,월 10:25 - 11:50 ( 공207 )  월 15:25 - 16:50 ( 공207 )
본과정,토목공학과,응용역학I,101,서경완,1,전공과정,3,월 09:00 - 09:50 ( 공206 )  월 10:00 - 10:50 ( 공206 )  월 11:00 - 11:50 ( 공206 )
본과정,토목공학과,응용역학I,102,서경완,1,전공과정,3,화 09:00 - 09:50 ( 공208 )  화 10:00 - 10:50 ( 공208 )  화 11:00 - 11:50 ( 공208 )
본과정,토목공학과,응용역학I,103,서경완,1,전공과정,3,화 13:00 - 13:50 ( 공208 )  화 14:00 - 14:50 ( 공208 )  화 15:00 - 15:50 ( 공208 )
본과정,토목공학과,측량학및실습,101,김명배,1,전공과정,3,월 14:00 - 14:50 ( 공212 )  월 15:00 - 15:50 ( 공212 )  월 16:00 - 16:50 ( 공212 )
본과정,토목공학과,측량학및실습,102,김명배,1,전공과정,3,화 14:00 - 14:50 ( 공212 )  화 15:00 - 15:50 ( 공212 )  화 16:00 - 16:50 ( 공212 )
본과정,토목공학과,측량학및실습,103,김명배,1,전공과정,3,수 13:00 - 13:50 ( 공212 )  수 14:00 - 14:50 ( 공212 )  수 15:00 - 15:50 ( 공212 )
본과정,토목공학과,토질역학I,101,유승경,1,전공과정,3,수 10:00 - 11:25 ( 공202 )  수 12:25 - 13:50 ( 공202 )
본과정,토목공학과,토질역학I,102,유승경,1,전공과정,3,월 10:25 - 11:50 ( 공202 )  화 12:25 - 13:50 ( 공202 )
본과정,토목공학과,토질역학I,103,유승경,1,전공과정,3,월 14:00 - 15:25 ( 공202 )  화 10:00 - 11:25 ( 공202 )
본과정,토목공학과,구조역학및연습,101,우태련,2,전공과정,2,화 13:00 - 13:50 ( 공206 )  화 14:00 - 14:50 ( 공206 )
본과정,토목공학과,구조역학및연습,102,우태련,2,전공과정,2,화 10:00 - 10:50 ( 공206 )  화 11:00 - 11:50 ( 공206 )
본과정,토목공학과,수리실험실습,101,김학수,2,전공과정,2,화 10:00 - 10:50 ( 공214 )  화 11:00 - 11:50 ( 공214 )
본과정,토목공학과,수리실험실습,102,김학수,2,전공과정,2,화 13:00 - 13:50 ( 공214 )  화 14:00 - 14:50 ( 공214 )
본과정,토목공학과,지형정보공학캡스톤디자인,101,이병환,2,전공과정,2,월 14:00 - 14:50 ( 공209 )  월 15:00 - 15:50 ( 공209 )
본과정,토목공학과,지형정보공학캡스톤디자인,102,이병환,2,전공과정,2,월 10:25 - 11:25 ( 공209 )  월 11:25 - 12:25 ( 공209 )
본과정,토목공학과,철근콘크리트공학II,101,윤영철,2,전공과정,3,월 09:00 - 10:25 ( 공208 )  수 10:25 - 11:50 ( 공208 )
본과정,토목공학과,철근콘크리트공학II,102,윤영철,2,전공과정,3,월 10:25 - 11:50 ( 공208 )  수 09:00 - 10:25 ( 공208 )
본과정,토목공학과,토목시공학,101,최용성,2,전공과정,3,수 15:00 - 15:50 ( 공206 )  수 16:00 - 16:50 ( 공206 )  수 17:00 - 17:50 ( 공206 )
본과정,토목공학과,토목시공학,102,최용성,2,전공과정,3,수 12:00 - 12:50 ( 공206 )  수 13:00 - 13:50 ( 공206 )  수 14:00 - 14:50 ( 공206 )
본과정,토목공학과,토질실험,101,김홍연,2,전공과정,3,수 12:00 - 12:50 ( 공213 )  수 13:00 - 13:50 ( 공213 )  수 14:00 - 14:50 ( 공213 )
본과정,토목공학과,토질실험,102,김홍연,2,전공과정,3,수 15:00 - 15:50 ( 공213 )  수 16:00 - 16:50 ( 공213 )  수 17:00 - 17:50 ( 공213 )
본과정,지적공간정보학과,AI지적학,101,김장현,1,전공과정,3,화 10:00 - 10:50 ( 공713 )  화 11:00 - 11:50 ( 공713 )  화 12:00 - 12:50 ( 공713 )
본과정,지적공간정보학과,AI지적학,102,김장현,1,전공과정,3,화 14:00 - 14:50 ( 공713 )  화 15:00 - 15:50 ( 공713 )  화 16:00 - 16:50 ( 공713 )
본과정,지적공간정보학과,기초측량및실습,101,이은수,1,전공과정,3,수 10:00 - 10:50 ( 공101 )  수 11:00 - 11:50 ( 공101 )  수 12:00 - 12:50 ( 공101 )
본과정,지적공간정보학과,기초측량및실습,102,이은수,1,전공과정,3,수 14:00 - 14:50 ( 공101 )  수 15:00 - 15:50 ( 공101 )  수 16:00 - 16:50 ( 공101 )
본과정,지적공간정보학과,도시계획I,101,이광우,1,전공과정,3,목 10:00 - 10:50 ( 공710 )  목 11:00 - 11:50 ( 공710 )  목 12:00 - 12:50 ( 공710 )
본과정,지적공간정보학과,도시계획I,102,이광우,1,전공과정,3,목 14:00 - 14:50 ( 공710 )  목 15:00 - 15:50 ( 공710 )  목 16:00 - 16:50 ( 공710 )
본과정,지적공간정보학과,민법총칙,101,정우형,1,전공과정,3,화 14:00 - 14:50 ( 공709 )  화 15:00 - 15:50 ( 공709 )  화 16:00 - 16:50 ( 공709 )
본과정,지적공간정보학과,민법총칙,102,정우형,1,전공과정,3,목 10:00 - 10:50 ( 공709 )  목 11:00 - 11:50 ( 공709 )  목 12:00 - 12:50 ( 공709 )
본과정,지적공간정보학과,지적정보능력,101,정영,1,교양과정,2,월 14:00 - 14:50 ( 공711 )  월 15:00 - 15:50 ( 공711 )
본과정,지적공간정보학과,지적정보능력,102,정영,1,교양과정,2,월 16:00 - 16:50 ( 공711 )  월 17:00 - 17:50 ( 공711 )
본과정,지적공간정보학과,GPS,101,이은수,2,전공과정,3,화 10:00 - 10:50 ( 공101 )  화 11:00 - 11:50 ( 공101 )  화 12:00 - 12:50 ( 공101 )
본과정,지적공간정보학과,부동산등기법,101,정우형,2,전공과정,3,수 10:00 - 10:50 ( 공711 )  수 11:00 - 11:50 ( 공711 )  수 12:00 - 12:50 ( 공711 )
본과정,지적공간정보학과,부동산등기법,102,정우형,2,전공과정,3,수 14:00 - 14:50 ( 공713 )  수 15:00 - 15:50 ( 공713 )  수 16:00 - 16:50 ( 공713 )
본과정,지적공간정보학과,지적CAD,101,정영,2,전공과정,3,목 14:00 - 14:50 ( 공713 )  목 15:00 - 15:50 ( 공713 )  목 16:00 - 16:50 ( 공713 )
본과정,지적공간정보학과,지적CAD,102,정영,2,전공과정,3,목 10:00 - 10:50 ( 공713 )  목 11:00 - 11:50 ( 공713 )  목 12:00 - 12:50 ( 공713 )
본과정,지적공간정보학과,지적공간정보종합설계,101,김장현,2,전공과정,3,월 10:00 - 10:50 ( 공711 )  월 11:00 - 11:50 ( 공711 )  월 12:00 - 12:50 ( 공711 )
본과정,지적공간정보학과,지적공간정보종합설계,102,정영,2,전공과정,3,월 10:00 - 10:50 ( 공713 )  월 11:00 - 11:50 ( 공713 )  월 12:00 - 12:50 ( 공713 )
본과정,지적공간정보학과,지적도근측량및실습,101,이진녕,2,전공과정,3,목 10:00 - 10:50 ( 공101 )  목 11:00 - 11:50 ( 공101 )  목 12:00 - 12:50 ( 공101 )
본과정,지적공간정보학과,지적도근측량및실습,102,이진녕,2,전공과정,3,목 14:00 - 14:50 ( 공101 )  목 15:00 - 15:50 ( 공101 )  목 16:00 - 16:50 ( 공101 )
본과정,지적공간정보학과,토지정보체계론,101,유환종,2,전공과정,3,수 14:00 - 14:50 ( 공711 )  수 15:00 - 15:50 ( 공711 )  수 16:00 - 16:50 ( 공711 )
본과정,지적공간정보학과,토지정보체계론,102,유환종,2,전공과정,3,화 14:00 - 14:50 ( 공711 )  화 15:00 - 15:50 ( 공711 )  화 16:00 - 16:50 ( 공711 )
본과정,전기공학과,AI전기디자인씽킹,101,,1,전공과정,2,목 16:00 - 16:50 ( 공315 )  목 17:00 - 17:50 ( 공315 )
본과정,전기공학과,AI전기디자인씽킹,102,,1,전공과정,2,목 12:00 - 12:50 ( 공315 )  목 13:00 - 13:50 ( 공315 )
본과정,전기공학과,AI전기디자인씽킹,103,,1,전공과정,2,목 09:00 - 09:50 ( 공315 )  목 10:00 - 10:50 ( 공315 )
본과정,전기공학과,C언어,101,김태현,1,전공과정,3,화 14:00 - 14:50 ( 공315 )  화 15:00 - 15:50 ( 공315 )  화 16:00 - 16:50 ( 공315 )
본과정,전기공학과,C언어,102,김태현,1,전공과정,3,월 14:00 - 14:50 ( 공315 )  월 15:00 - 15:50 ( 공315 )  월 16:00 - 16:50 ( 공315 )
본과정,전기공학과,C언어,103,김태현,1,전공과정,3,수 14:00 - 14:50 ( 공315 )  수 15:00 - 15:50 ( 공315 )  수 16:00 - 16:50 ( 공315 )
본과정,전기공학과,디지털공학,101,,1,전공과정,3,목 12:00 - 12:50 ( 공401 )  목 13:00 - 13:50 ( 공401 )  목 14:00 - 14:50 ( 공401 )
본과정,전기공학과,디지털공학,102,,1,전공과정,3,목 09:00 - 09:50 ( 공401 )  목 10:00 - 10:50 ( 공401 )  목 11:00 - 11:50 ( 공401 )
본과정,전기공학과,디지털공학,103,,1,전공과정,3,목 15:00 - 15:50 ( 공401 )  목 16:00 - 16:50 ( 공401 )  목 17:00 - 17:50 ( 공401 )
본과정,전기공학과,전기공업수학,101,이덕규,1,교양과정,3,수 10:00 - 10:50 ( 공318 )  수 11:00 - 11:50 ( 공318 )  수 12:00 - 12:50 ( 공318 )
본과정,전기공학과,전기공업수학,102,이덕규,1,교양과정,3,수 14:00 - 14:50 ( 공318 )  수 15:00 - 15:50 ( 공318 )  수 16:00 - 16:50 ( 공318 )
본과정,전기공학과,전기공업수학,103,이덕규,1,교양과정,3,화 14:00 - 14:50 ( 공317 )  화 15:00 - 15:50 ( 공317 )  화 16:00 - 16:50 ( 공317 )
본과정,전기공학과,전기자기학I,101,이태식,1,전공과정,3,수 14:00 - 14:50 ( 공317 )  수 15:00 - 15:50 ( 공317 )  수 16:00 - 16:50 ( 공317 )
본과정,전기공학과,전기자기학I,102,이태식,1,전공과정,3,수 10:00 - 10:50 ( 공317 )  수 11:00 - 11:50 ( 공317 )  수 12:00 - 12:50 ( 공317 )
본과정,전기공학과,전기자기학I,103,이태식,1,전공과정,3,화 10:00 - 10:50 ( 공317 )  화 11:00 - 11:50 ( 공317 )  화 12:00 - 12:50 ( 공317 )
본과정,전기공학과,회로이론I,101,,1,전공과정,3,목 09:00 - 09:50 ( 공316 )  목 10:00 - 10:50 ( 공316 )  목 11:00 - 11:50 ( 공316 )
본과정,전기공학과,회로이론I,102,,1,전공과정,3,목 15:00 - 15:50 ( 공316 )  목 16:00 - 16:50 ( 공316 )  목 17:00 - 17:50 ( 공316 )
본과정,전기공학과,회로이론I,103,,1,전공과정,3,목 12:00 - 12:50 ( 공316 )  목 13:00 - 13:50 ( 공316 )  목 14:00 - 14:50 ( 공316 )
본과정,전기공학과,회로이론실습,101,이순령,1,전공과정,3,화 10:00 - 10:50 ( 공412 )  화 11:00 - 11:50 ( 공412 )  화 12:00 - 12:50 ( 공412 )
본과정,전기공학과,회로이론실습,102,이순령,1,전공과정,3,월 09:00 - 09:50 ( 공412 )  월 10:00 - 10:50 ( 공412 )  월 11:00 - 11:50 ( 공412 )
본과정,전기공학과,회로이론실습,103,이순령,1,전공과정,3,수 10:00 - 10:50 ( 공412 )  수 11:00 - 11:50 ( 공412 )  수 12:00 - 12:50 ( 공412 )
본과정,전기공학과,데이터통신,101,김기윤,2,전공과정,3,월 14:00 - 14:50 ( 공405 )  월 15:00 - 15:50 ( 공405 )  월 16:00 - 16:50 ( 공405 )
본과정,전기공학과,데이터통신,102,김기윤,2,전공과정,3,월 09:00 - 09:50 ( 공405 )  월 10:00 - 10:50 ( 공405 )  월 11:00 - 11:50 ( 공405 )
본과정,전기공학과,데이터통신,103,김기윤,2,전공과정,3,화 10:00 - 10:50 ( 공405 )  화 11:00 - 11:50 ( 공405 )  화 12:00 - 12:50 ( 공405 )
본과정,전기공학과,시퀀스제어,101,이순령,2,전공과정,3,수 14:00 - 14:50 ( 공403 )  수 15:00 - 15:50 ( 공403 )  수 16:00 - 16:50 ( 공403 )
본과정,전기공학과,시퀀스제어,102,이순령,2,전공과정,3,화 14:00 - 14:50 ( 공403 )  화 15:00 - 15:50 ( 공403 )  화 16:00 - 16:50 ( 공403 )
본과정,전기공학과,시퀀스제어,103,이순령,2,전공과정,3,월 14:00 - 14:50 ( 공403 )  월 15:00 - 15:50 ( 공403 )  월 16:00 - 16:50 ( 공403 )
본과정,전기공학과,전기기기실습,101,한승헌,2,전공과정,3,화 14:00 - 14:50 ( 공414 )  화 15:00 - 15:50 ( 공414 )  화 16:00 - 16:50 ( 공414 )
본과정,전기공학과,전기기기실습,102,한승헌,2,전공과정,3,화 10:00 - 10:50 ( 공414 )  화 11:00 - 11:50 ( 공414 )  화 12:00 - 12:50 ( 공414 )
본과정,전기공학과,전기기기실습,103,한승헌,2,전공과정,3,수 10:00 - 10:50 ( 공414 )  수 11:00 - 11:50 ( 공414 )  수 12:00 - 12:50 ( 공414 )
본과정,전기공학과,전기설비설계실습,101,,2,전공과정,3,수 10:00 - 10:50 ( 공316 )  수 11:00 - 11:50 ( 공316 )  수 12:00 - 12:50 ( 공316 )
본과정,전기공학과,전기설비설계실습,102,,2,전공과정,3,수 14:00 - 14:50 ( 공316 )  수 15:00 - 15:50 ( 공316 )  수 16:00 - 16:50 ( 공316 )
본과정,전기공학과,전력공학II,101,김주영,2,전공과정,3,화 10:00 - 10:50 ( 공318 )  화 11:00 - 11:50 ( 공318 )  화 12:00 - 12:50 ( 공318 )
본과정,전기공학과,전력공학II,102,이영화,2,전공과정,3,월 14:00 - 14:50 ( 공316 )  월 15:00 - 15:50 ( 공316 )  월 16:00 - 16:50 ( 공316 )
본과정,전기공학과,전력공학II,103,김주영,2,전공과정,3,화 14:00 - 14:50 ( 공318 )  화 15:00 - 15:50 ( 공318 )  화 16:00 - 16:50 ( 공318 )
본과정,드론정보공학과,드론과항공기상,101,전재수,1,전공과정,3,화 11:00 - 11:50 ( 사808 )  화 12:00 - 12:50 ( 사808 )  화 13:00 - 13:50 ( 사808 )
본과정,드론정보공학과,드론과항공기상,102,전재수,1,전공과정,3,화 14:00 - 14:50 ( 사808 )  화 15:00 - 15:50 ( 사808 )  화 16:00 - 16:50 ( 사808 )
본과정,드론정보공학과,드론조종및시뮬레이션실습,101,양사무엘,1,전공과정,3,월 09:00 - 09:50 ( 사302 )  월 10:00 - 10:50 ( 사302 )  월 11:00 - 11:50 ( 사302 )
본과정,드론정보공학과,드론조종및시뮬레이션실습,102,양사무엘,1,전공과정,3,월 14:00 - 14:50 ( 사302 )  월 15:00 - 15:50 ( 사302 )  월 16:00 - 16:50 ( 사302 )
본과정,드론정보공학과,측량학및실습,101,이재기,1,전공과정,3,화 10:00 - 10:50 ( 사802 )  화 11:00 - 11:50 ( 사802 )  화 12:00 - 12:50 ( 사802 )
본과정,드론정보공학과,측량학및실습,102,이재기,1,전공과정,3,화 14:00 - 14:50 ( 사802 )  화 15:00 - 15:50 ( 사802 )  화 16:00 - 16:50 ( 사802 )
본과정,드론정보공학과,항공법규,101,이재기,1,전공과정,2,원격시험 배정시간  목 12:00 - 12:50 ( 사B101 )
본과정,드론정보공학과,GIS및GNSS,101,이재기,2,전공과정,3,목 09:00 - 09:50 ( 사801 )  목 10:00 - 10:50 ( 사801 )  목 11:00 - 11:50 ( 사801 )
본과정,드론정보공학과,GIS및GNSS,102,이재기,2,전공과정,3,목 14:00 - 14:50 ( 사801 )  목 15:00 - 15:50 ( 사801 )  목 16:00 - 16:50 ( 사801 )
본과정,드론정보공학과,드론설계실습,101,전재수,2,전공과정,3,화 10:00 - 10:50 ( 사302 )  화 11:00 - 11:50 ( 사302 )  화 12:00 - 12:50 ( 사302 )
본과정,드론정보공학과,드론설계실습,102,전재수,2,전공과정,3,화 14:00 - 14:50 ( 사302 )  화 15:00 - 15:50 ( 사302 )  화 16:00 - 16:50 ( 사302 )
본과정,드론정보공학과,드론영상촬영학개론,101,전재수,2,전공과정,3,수 10:00 - 10:50 ( 사303 )  수 11:00 - 11:50 ( 사303 )  수 12:00 - 12:50 ( 사303 )
본과정,드론정보공학과,드론영상촬영학개론,102,전재수,2,전공과정,3,수 14:00 - 14:50 ( 사801 )  수 15:00 - 15:50 ( 사801 )  수 16:00 - 16:50 ( 사801 )
본과정,드론정보공학과,사진측량및원격탐사,101,곽강율,2,전공과정,3,화 14:00 - 14:50 ( 사801 )  화 15:00 - 15:50 ( 사801 )  화 16:00 - 16:50 ( 사801 )
본과정,드론정보공학과,사진측량및원격탐사,102,곽강율,2,전공과정,3,화 10:00 - 10:50 ( 사801 )  화 11:00 - 11:50 ( 사801 )  화 12:00 - 12:50 ( 사801 )
본과정,드론정보공학과,임베디드SW응용,101,한규정,2,전공과정,3,수 14:00 - 14:50 ( 사302 )  수 15:00 - 15:50 ( 사302 )  수 16:00 - 16:50 ( 사302 )
본과정,드론정보공학과,임베디드SW응용,102,한규정,2,전공과정,3,수 10:00 - 10:50 ( 사302 )  수 11:00 - 11:50 ( 사302 )  수 12:00 - 12:50 ( 사302 )
본과정,드론정보공학과,정역학,101,이준영,2,전공과정,3,목 14:00 - 14:50 ( 사802 )  목 15:00 - 15:50 ( 사802 )  목 16:00 - 16:50 ( 사802 )
본과정,드론정보공학과,정역학,102,이준영,2,전공과정,3,목 10:00 - 10:50 ( 사802 )  목 11:00 - 11:50 ( 사802 )  목 12:00 - 12:50 ( 사802 )
본과정,드론정보공학과,FPV특수영상촬영,101,이득영,3,전공과정,3,목 10:00 - 10:50 ( 사302 )  목 11:00 - 11:50 ( 사302 )  목 12:00 - 12:50 ( 사302 )
본과정,드론정보공학과,FPV특수영상촬영,102,이득영,3,전공과정,3,목 14:00 - 14:50 ( 사302 )  목 15:00 - 15:50 ( 사302 )  목 16:00 - 16:50 ( 사302 )
본과정,드론정보공학과,드론비행제어,101,한규정,3,전공과정,3,목 14:00 - 14:50 ( 사303 )  목 15:00 - 15:50 ( 사303 )  목 16:00 - 16:50 ( 사303 )
본과정,드론정보공학과,드론비행제어,102,한규정,3,전공과정,3,목 10:00 - 10:50 ( 사303 )  목 11:00 - 11:50 ( 사303 )  목 12:00 - 12:50 ( 사303 )
본과정,드론정보공학과,드론영상수치도화실습,101,곽강율,3,전공과정,3,월 14:00 - 14:50 ( 사801 )  월 15:00 - 15:50 ( 사801 )  월 16:00 - 16:50 ( 사801 )
본과정,드론정보공학과,드론영상수치도화실습,102,곽강율,3,전공과정,3,수 10:00 - 10:50 ( 사801 )  수 11:00 - 11:50 ( 사801 )  수 12:00 - 12:50 ( 사801 )
본과정,드론정보공학과,드론정비캡스톤디자인,101,양사무엘,3,전공과정,3,화 14:00 - 14:50 ( 사303 )  화 15:00 - 15:50 ( 사303 )  화 16:00 - 16:50 ( 사303 )
본과정,드론정보공학과,드론정비캡스톤디자인,102,양사무엘,3,전공과정,3,화 10:00 - 10:50 ( 사303 )  화 11:00 - 11:50 ( 사303 )  화 12:00 - 12:50 ( 사303 )
본과정,드론정보공학과,비가시권군사용자동항법,101,오병남,3,전공과정,3,수 10:00 - 10:50 ( 사802 )  수 11:00 - 11:50 ( 사802 )  수 12:00 - 12:50 ( 사802 )
본과정,드론정보공학과,비가시권군사용자동항법,102,오병남,3,전공과정,3,수 14:00 - 14:50 ( 사802 )  수 15:00 - 15:50 ( 사802 )  수 16:00 - 16:50 ( 사802 )
본과정,AI게임소프트웨어학과,객체지향프로그래밍,101,구윤모,1,전공과정,3,월 14:00 - 14:50 ( 공312 )  월 15:00 - 15:50 ( 공312 )  월 16:00 - 16:50 ( 공312 )
본과정,AI게임소프트웨어학과,객체지향프로그래밍,102,구윤모,1,전공과정,3,화 09:00 - 09:50 ( 공312 )  화 10:00 - 10:50 ( 공312 )  화 11:00 - 11:50 ( 공312 )
본과정,AI게임소프트웨어학과,객체지향프로그래밍,103,구윤모,1,전공과정,3,목 09:00 - 09:50 ( 공312 )  목 10:00 - 10:50 ( 공312 )  목 11:00 - 11:50 ( 공312 )
본과정,AI게임소프트웨어학과,게임그래픽기초,101,송수현,1,전공과정,3,화 09:00 - 09:50 ( 본504 )  화 10:00 - 10:50 ( 본504 )  화 11:00 - 11:50 ( 본504 )
본과정,AI게임소프트웨어학과,게임그래픽기초,102,송수현,1,전공과정,3,화 12:00 - 12:50 ( 본504 )  화 13:00 - 13:50 ( 본504 )  화 14:00 - 14:50 ( 본504 )
본과정,AI게임소프트웨어학과,게임그래픽기초,103,송수현,1,전공과정,3,수 09:00 - 09:50 ( 본504 )  수 10:00 - 10:50 ( 본504 )  수 11:00 - 11:50 ( 본504 )
본과정,AI게임소프트웨어학과,게임프로그래밍,101,정지영,1,전공과정,3,화 12:00 - 12:50 ( 본507 )  화 13:00 - 13:50 ( 본507 )  화 14:00 - 14:50 ( 본507 )
본과정,AI게임소프트웨어학과,게임프로그래밍,102,정지영,1,전공과정,3,수 15:00 - 15:50 ( 본507 )  수 16:00 - 16:50 ( 본507 )  수 17:00 - 17:50 ( 본507 )
본과정,AI게임소프트웨어학과,게임프로그래밍,103,장규호,1,전공과정,3,화 12:00 - 12:50 ( 공314 )  화 13:00 - 13:50 ( 공314 )  화 14:00 - 14:50 ( 공314 )
본과정,AI게임소프트웨어학과,컴퓨팅사고기반혁신적개발,102,장규호,1,전공과정,3,원격시험 배정시간  토 11:00 - 11:50 (  )
본과정,AI게임소프트웨어학과,프론트엔드프로그래밍,101,이다영,1,전공과정,3,목 09:00 - 09:50 ( 본504 )  목 10:00 - 10:50 ( 본504 )  목 11:00 - 11:50 ( 본504 )
본과정,AI게임소프트웨어학과,프론트엔드프로그래밍,102,이다영,1,전공과정,3,목 12:00 - 12:50 ( 본504 )  목 13:00 - 13:50 ( 본504 )  목 14:00 - 14:50 ( 본504 )
본과정,AI게임소프트웨어학과,프론트엔드프로그래밍,103,이다영,1,전공과정,3,목 15:00 - 15:50 ( 본504 )  목 16:00 - 16:50 ( 본504 )  목 17:00 - 17:50 ( 본504 )
본과정,AI게임소프트웨어학과,UI/UX,101,이선민,2,전공과정,3,화 15:00 - 15:50 ( 공314 )  화 16:00 - 16:50 ( 공314 )  화 17:00 - 17:50 ( 공314 )
본과정,AI게임소프트웨어학과,UI/UX,102,이선민,2,전공과정,3,월 15:00 - 15:50 ( 공314 )  월 16:00 - 16:50 ( 공314 )  월 17:00 - 17:50 ( 공314 )
본과정,AI게임소프트웨어학과,UI/UX,103,이선민,2,전공과정,3,목 15:00 - 15:50 ( 공314 )  목 16:00 - 16:50 ( 공314 )  목 17:00 - 17:50 ( 공314 )
본과정,AI게임소프트웨어학과,가상현실게임,101,이은진,2,전공과정,3,월 15:00 - 15:50 ( 본505 )  월 16:00 - 16:50 ( 본505 )  월 17:00 - 17:50 ( 본505 )
본과정,AI게임소프트웨어학과,가상현실게임,102,이은진,2,전공과정,3,화 15:00 - 15:50 ( 본505 )  화 16:00 - 16:50 ( 본505 )  화 17:00 - 17:50 ( 본505 )
본과정,AI게임소프트웨어학과,가상현실게임,103,이은진,2,전공과정,3,목 09:00 - 09:50 ( 본505 )  목 10:00 - 10:50 ( 본505 )  목 11:00 - 11:50 ( 본505 )
본과정,AI게임소프트웨어학과,응용프로그래밍,101,장규호,2,전공과정,3,수 09:00 - 09:50 ( 공312 )  수 10:00 - 10:50 ( 공312 )  수 11:00 - 11:50 ( 공312 )
본과정,AI게임소프트웨어학과,응용프로그래밍,102,장규호,2,전공과정,3,수 15:00 - 15:50 ( 공312 )  수 16:00 - 16:50 ( 공312 )  수 17:00 - 17:50 ( 공312 )
본과정,AI게임소프트웨어학과,응용프로그래밍,103,장규호,2,전공과정,3,월 09:00 - 09:50 ( 공312 )  월 10:00 - 10:50 ( 공312 )  월 11:00 - 11:50 ( 공312 )
본과정,AI게임소프트웨어학과,자료구조,101,김갑열,2,전공과정,3,월 09:00 - 09:50 ( 본505 )  월 10:00 - 10:50 ( 본505 )  월 11:00 - 11:50 ( 본505 )
본과정,AI게임소프트웨어학과,자료구조,102,김갑열,2,전공과정,3,화 09:00 - 09:50 ( 본505 )  화 10:00 - 10:50 ( 본505 )  화 11:00 - 11:50 ( 본505 )
본과정,AI게임소프트웨어학과,자료구조,103,김갑열,2,전공과정,3,수 09:00 - 09:50 ( 본505 )  수 10:00 - 10:50 ( 본505 )  수 11:00 - 11:50 ( 본505 )
본과정,AI게임소프트웨어학과,포트폴리오와자기개발능력,101,이희찬,2,교양과정,2,금 10:00 - 10:50 ( 본504 )  금 11:00 - 11:50 ( 본504 )
본과정,AI게임소프트웨어학과,포트폴리오와자기개발능력,102,이희찬,2,교양과정,2,금 12:00 - 12:50 ( 본504 )  금 13:00 - 13:50 ( 본504 )
본과정,전자공학과,C프로그래밍,101,유소율,1,전공과정,3,수 15:00 - 15:50 ( 공510 )  수 16:00 - 16:50 ( 공510 )  수 17:00 - 17:50 ( 공510 )
본과정,전자공학과,C프로그래밍,102,유소율,1,전공과정,3,수 09:00 - 09:50 ( 공510 )  수 10:00 - 10:50 ( 공510 )  수 11:00 - 11:50 ( 공510 )
본과정,전자공학과,C프로그래밍,103,유소율,1,전공과정,3,수 12:00 - 12:50 ( 공510 )  수 13:00 - 13:50 ( 공510 )  수 14:00 - 14:50 ( 공510 )
본과정,전자공학과,공학수학,101,박준성,1,전공과정,3,원격시험 배정시간  월 11:00 - 11:50 (  )
본과정,전자공학과,기초회로및실험,101,나홍운,1,전공과정,3,목 09:00 - 09:50 ( 공512 )  목 10:00 - 10:50 ( 공512 )  목 11:00 - 11:50 ( 공512 )
본과정,전자공학과,기초회로및실험,102,나홍운,1,전공과정,3,목 12:00 - 12:50 ( 공512 )  목 13:00 - 13:50 ( 공512 )  목 14:00 - 14:50 ( 공512 )
본과정,전자공학과,기초회로및실험,103,나홍운,1,전공과정,3,목 15:00 - 15:50 ( 공512 )  목 16:00 - 16:50 ( 공512 )  목 17:00 - 17:50 ( 공512 )
본과정,전자공학과,디지털공학,104,김동욱,1,전공과정,3,목 12:00 - 12:50 ( 공506 )  목 13:00 - 13:50 ( 공506 )  목 14:00 - 14:50 ( 공506 )
본과정,전자공학과,디지털공학,105,김동욱,1,전공과정,3,목 15:00 - 15:50 ( 공506 )  목 16:00 - 16:50 ( 공506 )  목 17:00 - 17:50 ( 공506 )
본과정,전자공학과,디지털공학,106,김동욱,1,전공과정,3,목 09:00 - 09:50 ( 공506 )  목 10:00 - 10:50 ( 공506 )  목 11:00 - 11:50 ( 공506 )
본과정,전자공학과,마이크로프로세서,101,최진아,2,전공과정,3,화 09:00 - 09:50 ( 공502 )  화 10:00 - 10:50 ( 공502 )  화 11:00 - 11:50 ( 공502 )
본과정,전자공학과,마이크로프로세서,102,김철,2,전공과정,3,목 09:00 - 09:50 ( 공502 )  목 10:00 - 10:50 ( 공502 )  목 11:00 - 11:50 ( 공502 )
본과정,전자공학과,마이크로프로세서,103,김철,2,전공과정,3,목 12:00 - 12:50 ( 공502 )  목 13:00 - 13:50 ( 공502 )  목 14:00 - 14:50 ( 공502 )
본과정,전자공학과,영상처리,101,오태명,2,전공과정,3,화 12:00 - 12:50 ( 공513 )  화 13:00 - 13:50 ( 공513 )  화 14:00 - 14:50 ( 공513 )
본과정,전자공학과,영상처리,102,오태명,2,전공과정,3,화 15:00 - 15:50 ( 공513 )  화 16:00 - 16:50 ( 공513 )  화 17:00 - 17:50 ( 공513 )
본과정,전자공학과,영상처리,103,,2,전공과정,3,월 14:00 - 14:50 ( 공513 )  월 15:00 - 15:50 ( 공513 )  월 16:00 - 16:50 ( 공513 )
본과정,전자공학과,인공지능프로그래밍,101,윤현구,2,전공과정,3,원격시험 배정시간  목 15:00 - 15:50 (  )
본과정,전자공학과,임베디드FPGA I,101,최진아,2,전공과정,3,목 09:00 - 09:50 ( 공501 )  목 10:00 - 10:50 ( 공501 )  목 11:00 - 11:50 ( 공501 )
본과정,전자공학과,임베디드FPGA I,102,최진아,2,전공과정,3,월 14:00 - 14:50 ( 공501 )  월 15:00 - 15:50 ( 공501 )  월 16:00 - 16:50 ( 공501 )
본과정,전자공학과,임베디드FPGA I,103,최진아,2,전공과정,3,월 09:00 - 09:50 ( 공501 )  월 10:00 - 10:50 ( 공501 )  월 11:00 - 11:50 ( 공501 )
본과정,전자공학과,자바프로그래밍Ⅰ,101,박성원,2,전공과정,3,월 14:00 - 14:50 ( 공503 )  월 15:00 - 15:50 ( 공503 )  월 16:00 - 16:50 ( 공503 )
본과정,전자공학과,자바프로그래밍Ⅰ,102,박성원,2,전공과정,3,화 12:00 - 12:50 ( 공503 )  화 13:00 - 13:50 ( 공503 )  화 14:00 - 14:50 ( 공503 )
본과정,전자공학과,자바프로그래밍Ⅰ,103,박성원,2,전공과정,3,수 12:00 - 12:50 ( 공503 )  수 13:00 - 13:50 ( 공503 )  수 14:00 - 14:50 ( 공503 )
본과정,전자공학과,ECAD,101,최진아,3,전공과정,3,수 09:00 - 09:50 ( 공501 )  수 10:00 - 10:50 ( 공501 )  수 11:00 - 11:50 ( 공501 )
본과정,전자공학과,네트워크,101,진강훈,3,전공과정,3,수 12:00 - 12:50 ( 공501 )  수 13:00 - 13:50 ( 공501 )  수 14:00 - 14:50 ( 공501 )
본과정,전자공학과,디지털통신,101,윤남일,3,전공과정,3,목 12:00 - 12:50 ( 공513 )  목 13:00 - 13:50 ( 공513 )  목 14:00 - 14:50 ( 공513 )
본과정,전자공학과,센서응용캡스톤디자인,101,박준성,3,전공과정,3,목 09:00 - 09:50 ( 공503 )  목 10:00 - 10:50 ( 공503 )  목 11:00 - 11:50 ( 공503 )
본과정,전자공학과,인공지능캡스톤디자인,101,윤현구,3,전공과정,3,화 12:00 - 12:50 ( 공510 )  화 13:00 - 13:50 ( 공510 )  화 14:00 - 14:50 ( 공510 )
본과정,전자공학과,임베디드소프트웨어 I,101,김철,3,전공과정,3,목 15:00 - 15:50 ( 공501 )  목 16:00 - 16:50 ( 공501 )  목 17:00 - 17:50 ( 공501 )
본과정,전자공학과,임베디드캡스톤디자인,101,방경호,3,전공과정,3,화 15:00 - 15:50 ( 공502 )  화 16:00 - 16:50 ( 공502 )  화 17:00 - 17:50 ( 공502 )
본과정,컴퓨터공학과,SW개발문제해결능력,101,조지연,1,교양과정,2,월 10:00 - 10:50 ( 공608 )  월 11:00 - 11:50 ( 공608 )
본과정,컴퓨터공학과,SW개발문제해결능력,102,조지연,1,교양과정,2,월 14:00 - 14:50 ( 공608 )  월 15:00 - 15:50 ( 공608 )
본과정,컴퓨터공학과,SW개발문제해결능력,103,조지연,1,교양과정,2,월 16:00 - 16:50 ( 공608 )  월 17:00 - 17:50 ( 공608 )
본과정,컴퓨터공학과,인터넷콘텐츠,101,어성율,1,전공과정,3,수 10:00 - 10:50 ( 공603 )  수 11:00 - 11:50 ( 공603 )  수 12:00 - 12:50 ( 공603 )
본과정,컴퓨터공학과,인터넷콘텐츠,102,어성율,1,전공과정,3,수 14:00 - 14:50 ( 공603 )  수 15:00 - 15:50 ( 공603 )  수 16:00 - 16:50 ( 공603 )
본과정,컴퓨터공학과,인터넷콘텐츠,103,이우현,1,전공과정,3,수 13:25 - 14:25 ( 공609 )  수 14:25 - 15:25 ( 공609 )  수 15:25 - 16:25 ( 공609 )
본과정,컴퓨터공학과,인터넷콘텐츠,104,이우현,1,전공과정,3,수 10:00 - 10:50 ( 공609 )  수 11:00 - 11:50 ( 공609 )  수 12:00 - 12:50 ( 공609 )
본과정,컴퓨터공학과,컴퓨터과학개론,101,박상용,1,전공과정,3,목 10:00 - 10:50 ( 공608 )  목 11:00 - 11:50 ( 공608 )  목 12:00 - 12:50 ( 공608 )
본과정,컴퓨터공학과,컴퓨터과학개론,102,박상용,1,전공과정,3,목 13:25 - 14:25 ( 공608 )  목 14:25 - 15:25 ( 공608 )  목 15:25 - 16:25 ( 공608 )
본과정,컴퓨터공학과,컴퓨터과학개론,103,박상용,1,전공과정,3,수 10:00 - 10:50 ( 공608 )  수 11:00 - 11:50 ( 공608 )  수 12:00 - 12:50 ( 공608 )
본과정,컴퓨터공학과,프로그래밍언어실습I,101,김경아,1,전공과정,3,월 14:00 - 14:50 ( 공603 )  월 15:00 - 15:50 ( 공603 )  월 16:00 - 16:50 ( 공603 )
본과정,컴퓨터공학과,프로그래밍언어실습I,102,김경아,1,전공과정,3,화 10:00 - 10:50 ( 공603 )  화 11:00 - 11:50 ( 공603 )  화 12:00 - 12:50 ( 공603 )
본과정,컴퓨터공학과,프로그래밍언어실습I,103,김경아,1,전공과정,3,목 10:00 - 10:50 ( 공603 )  목 11:00 - 11:50 ( 공603 )  목 12:00 - 12:50 ( 공603 )
본과정,컴퓨터공학과,프로그래밍언어실습I,104,김경아,1,전공과정,3,목 14:00 - 14:50 ( 공603 )  목 15:00 - 15:50 ( 공603 )  목 16:00 - 16:50 ( 공603 )
본과정,컴퓨터공학과,UX/UI프로그래밍,101,홍세영,2,전공과정,3,목 15:00 - 15:50 ( 공610 )  목 16:00 - 16:50 ( 공610 )  목 17:00 - 17:50 ( 공610 )
본과정,컴퓨터공학과,UX/UI프로그래밍,102,홍세영,2,전공과정,3,목 09:00 - 09:50 ( 공610 )  목 10:00 - 10:50 ( 공610 )  목 11:00 - 11:50 ( 공610 )
본과정,컴퓨터공학과,UX/UI프로그래밍,103,홍세영,2,전공과정,3,목 12:00 - 12:50 ( 공610 )  목 13:00 - 13:50 ( 공610 )  목 14:00 - 14:50 ( 공610 )
본과정,컴퓨터공학과,객체지향언어,101,안유정,2,전공과정,3,화 13:00 - 13:50 ( 공610 )  화 14:00 - 14:50 ( 공610 )  화 15:00 - 15:50 ( 공610 )
본과정,컴퓨터공학과,객체지향언어,102,안유정,2,전공과정,3,수 13:00 - 13:50 ( 공610 )  수 14:00 - 14:50 ( 공610 )  수 15:00 - 15:50 ( 공610 )
본과정,컴퓨터공학과,객체지향언어,103,안유정,2,전공과정,3,월 14:00 - 14:50 ( 공610 )  월 15:00 - 15:50 ( 공610 )  월 16:00 - 16:50 ( 공610 )
본과정,컴퓨터공학과,운영체제,103,조정미,2,전공과정,3,수 13:00 - 13:50 ( 공612 )  수 14:00 - 14:50 ( 공612 )  수 15:00 - 15:50 ( 공612 )
본과정,컴퓨터공학과,운영체제,104,조정미,2,전공과정,3,목 12:25 - 13:25 ( 공612 )  목 13:25 - 14:25 ( 공612 )  목 14:25 - 15:25 ( 공612 )
본과정,컴퓨터공학과,운영체제,105,조정미,2,전공과정,3,수 10:00 - 10:50 ( 공610 )  수 11:00 - 11:50 ( 공610 )  수 12:00 - 12:50 ( 공610 )
본과정,컴퓨터공학과,인공지능시스템,101,조범석,2,전공과정,3,월 16:00 - 17:25 ( 공615 )  수 16:00 - 17:25 ( 공615 )
본과정,컴퓨터공학과,인공지능시스템,102,조범석,2,전공과정,3,월 14:00 - 15:25 ( 공615 )  화 16:00 - 17:25 ( 공615 )
본과정,컴퓨터공학과,인공지능시스템,103,조범석,2,전공과정,3,화 14:00 - 15:25 ( 공615 )  수 14:00 - 15:25 ( 공615 )
본과정,컴퓨터공학과,자료구조,101,김현호,2,전공과정,3,월 14:00 - 15:25 ( 공609 )  화 10:25 - 11:50 ( 공609 )
본과정,컴퓨터공학과,자료구조,102,김현호,2,전공과정,3,월 15:25 - 16:50 ( 공609 )  화 14:00 - 15:25 ( 공609 )
본과정,컴퓨터공학과,자료구조,103,김현호,2,전공과정,3,화 15:25 - 16:50 ( 공609 )  목 10:25 - 11:50 ( 공609 )
본과정,컴퓨터공학과,AI응용캡스톤디자인I,101,심한뫼,3,전공과정,3,화 13:25 - 14:25 ( 공601 )  화 14:25 - 15:25 ( 공601 )  화 15:25 - 16:25 ( 공601 )
본과정,컴퓨터공학과,AI응용캡스톤디자인I,102,심한뫼,3,전공과정,3,수 13:25 - 14:25 ( 공601 )  수 14:25 - 15:25 ( 공601 )  수 15:25 - 16:25 ( 공601 )
본과정,컴퓨터공학과,AI응용캡스톤디자인I,103,심한뫼,3,전공과정,3,목 13:25 - 14:25 ( 공601 )  목 14:25 - 15:25 ( 공601 )  목 15:25 - 16:25 ( 공601 )
본과정,컴퓨터공학과,데이터통신,104,이종배,3,전공과정,3,월 13:25 - 14:25 ( 공614 )  월 14:25 - 15:25 ( 공614 )  월 15:25 - 16:25 ( 공614 )
본과정,컴퓨터공학과,데이터통신,105,이종배,3,전공과정,3,목 09:25 - 10:25 ( 공614 )  목 10:25 - 11:25 ( 공614 )  목 11:25 - 12:25 ( 공614 )
본과정,컴퓨터공학과,데이터통신,106,이종배,3,전공과정,3,월 10:00 - 10:50 ( 공614 )  월 11:00 - 11:50 ( 공614 )  월 12:00 - 12:50 ( 공614 )
본과정,컴퓨터공학과,모바일프로그래밍응용,101,김지심,3,전공과정,3,수 10:00 - 10:50 ( 공612 )  수 11:00 - 11:50 ( 공612 )  수 12:00 - 12:50 ( 공612 )
본과정,컴퓨터공학과,모바일프로그래밍응용,102,김지심,3,전공과정,3,화 13:25 - 14:25 ( 공612 )  화 14:25 - 15:25 ( 공612 )  화 15:25 - 16:25 ( 공612 )
본과정,컴퓨터공학과,모바일프로그래밍응용,103,김지심,3,전공과정,3,화 10:00 - 10:50 ( 공612 )  화 11:00 - 11:50 ( 공612 )  화 12:00 - 12:50 ( 공612 )
본과정,컴퓨터공학과,웹프로그래밍실습,101,김영로,3,전공과정,3,수 13:25 - 14:25 ( 공614 )  수 14:25 - 15:25 ( 공614 )  수 15:25 - 16:25 ( 공614 )
본과정,컴퓨터공학과,웹프로그래밍실습,102,김영로,3,전공과정,3,화 10:00 - 10:50 ( 공614 )  화 11:00 - 11:50 ( 공614 )  화 12:00 - 12:50 ( 공614 )
본과정,컴퓨터공학과,웹프로그래밍실습,103,김영로,3,전공과정,3,화 13:25 - 14:25 ( 공614 )  화 14:25 - 15:25 ( 공614 )  화 15:25 - 16:25 ( 공614 )
본과정,컴퓨터공학과,융합게임제작실습I,101,심한뫼,3,전공과정,3,화 10:00 - 10:50 ( 공601 )  화 11:00 - 11:50 ( 공601 )  화 12:00 - 12:50 ( 공601 )
본과정,컴퓨터공학과,융합게임제작실습I,102,심한뫼,3,전공과정,3,수 10:00 - 10:50 ( 공601 )  수 11:00 - 11:50 ( 공601 )  수 12:00 - 12:50 ( 공601 )
본과정,컴퓨터공학과,융합게임제작실습I,103,심한뫼,3,전공과정,3,목 10:00 - 10:50 ( 공601 )  목 11:00 - 11:50 ( 공601 )  목 12:00 - 12:50 ( 공601 )
본과정,정보통신공학과,ICT고급기술,101,김형태,1,전공과정,3,화 13:00 - 13:50 ( 공805 )  화 14:00 - 14:50 ( 공805 )  화 15:00 - 15:50 ( 공805 )
본과정,정보통신공학과,IT문제해결능력,101,김형태,1,교양과정,2,화 10:00 - 10:50 ( 공801 )  화 11:00 - 11:50 ( 공801 )
본과정,정보통신공학과,디지털공학개론,101,김현주,1,전공과정,3,월 14:00 - 14:50 ( 공806 )  월 15:00 - 15:50 ( 공806 )  월 16:00 - 16:50 ( 공806 )
본과정,정보통신공학과,디지털공학개론,102,김현주,1,전공과정,3,화 10:00 - 10:50 ( 공806 )  화 11:00 - 11:50 ( 공806 )  화 12:00 - 12:50 ( 공806 )
본과정,정보통신공학과,디지털공학개론,103,김현주,1,전공과정,3,화 14:00 - 14:50 ( 공806 )  화 15:00 - 15:50 ( 공806 )  화 16:00 - 16:50 ( 공806 )
본과정,정보통신공학과,소프트웨어공학,101,진용화,1,전공과정,3,목 09:00 - 09:50 ( 공806 )  목 10:00 - 10:50 ( 공806 )  목 11:00 - 11:50 ( 공806 )
본과정,정보통신공학과,스마트로봇프로그래밍,101,하재승,1,전공과정,3,화 09:00 - 09:50 ( 공817 )  화 10:00 - 10:50 ( 공817 )  화 11:00 - 11:50 ( 공817 )
본과정,정보통신공학과,의사소통능력,101,윤영현,1,교양과정,2,목 10:00 - 10:50 ( 공805 )  목 11:00 - 11:50 ( 공805 )
본과정,정보통신공학과,인터넷프로그래밍,101,오석,1,전공과정,3,목 09:00 - 09:50 ( 공801 )  목 10:00 - 10:50 ( 공801 )  목 11:00 - 11:50 ( 공801 )
본과정,정보통신공학과,인터넷프로그래밍,102,오석,1,전공과정,3,화 13:00 - 13:50 ( 공801 )  화 14:00 - 14:50 ( 공801 )  화 15:00 - 15:50 ( 공801 )
본과정,정보통신공학과,인터넷프로그래밍,103,오석,1,전공과정,3,목 13:00 - 13:50 ( 공801 )  목 14:00 - 14:50 ( 공801 )  목 15:00 - 15:50 ( 공801 )
본과정,정보통신공학과,정보통신개론,101,김현주,1,전공과정,3,원격시험 배정시간  수 16:00 - 17:50 (  )
본과정,정보통신공학과,프로그래밍언어실습,101,이장호,1,전공과정,3,목 15:00 - 15:50 ( 공814 )  목 16:00 - 16:50 ( 공814 )  목 17:00 - 17:50 ( 공814 )
본과정,정보통신공학과,프로그래밍언어실습,102,이장호,1,전공과정,3,목 12:00 - 12:50 ( 공814 )  목 13:00 - 13:50 ( 공814 )  목 14:00 - 14:50 ( 공814 )
본과정,정보통신공학과,프로그래밍언어실습,103,이장호,1,전공과정,3,목 09:00 - 09:50 ( 공814 )  목 10:00 - 10:50 ( 공814 )  목 11:00 - 11:50 ( 공814 )
본과정,정보통신공학과,iOS프로그래밍,101,하재승,2,전공과정,3,수 13:00 - 13:50 ( 공817 )  수 14:00 - 14:50 ( 공817 )  수 15:00 - 15:50 ( 공817 )
본과정,정보통신공학과,iOS프로그래밍,102,하재승,2,전공과정,3,수 09:00 - 09:50 ( 공817 )  수 10:00 - 10:50 ( 공817 )  수 11:00 - 11:50 ( 공817 )
본과정,정보통신공학과,객체지향언어실습,101,김수영,2,전공과정,3,목 09:00 - 09:50 ( 공803 )  목 10:00 - 10:50 ( 공803 )  목 11:00 - 11:50 ( 공803 )
본과정,정보통신공학과,객체지향언어실습,102,김수영,2,전공과정,3,목 12:00 - 12:50 ( 공803 )  목 13:00 - 13:50 ( 공803 )  목 14:00 - 14:50 ( 공803 )
본과정,정보통신공학과,네트워크I,101,송봉준,2,전공과정,3,목 12:00 - 12:50 ( 공805 )  목 13:00 - 13:50 ( 공805 )  목 14:00 - 14:50 ( 공805 )
본과정,정보통신공학과,네트워크I,102,송봉준,2,전공과정,3,목 15:00 - 15:50 ( 공805 )  목 16:00 - 16:50 ( 공805 )  목 17:00 - 17:50 ( 공805 )
본과정,정보통신공학과,데이터베이스,101,윤영현,2,전공과정,3,수 09:00 - 09:50 ( 공805 )  수 10:00 - 10:50 ( 공805 )  수 11:00 - 11:50 ( 공805 )
본과정,정보통신공학과,데이터베이스,102,윤영현,2,전공과정,3,화 09:00 - 09:50 ( 공805 )  화 10:00 - 10:50 ( 공805 )  화 11:00 - 11:50 ( 공805 )
본과정,정보통신공학과,운영체제,101,김기춘,2,전공과정,3,화 09:00 - 09:50 ( 공814 )  화 10:00 - 10:50 ( 공814 )  화 11:00 - 11:50 ( 공814 )
본과정,정보통신공학과,운영체제,102,김기춘,2,전공과정,3,화 13:00 - 13:50 ( 공814 )  화 14:00 - 14:50 ( 공814 )  화 15:00 - 15:50 ( 공814 )
본과정,정보통신공학과,모바일프로그래밍,101,진용화,3,전공과정,3,목 12:00 - 12:50 ( 공806 )  목 13:00 - 13:50 ( 공806 )  목 14:00 - 14:50 ( 공806 )
본과정,정보통신공학과,모바일프로그래밍,102,진용화,3,전공과정,3,목 15:00 - 15:50 ( 공806 )  목 16:00 - 16:50 ( 공806 )  목 17:00 - 17:50 ( 공806 )
본과정,정보통신공학과,웹프로그래밍실습,101,정필성,3,전공과정,3,화 13:00 - 13:50 ( 공803 )  화 14:00 - 14:50 ( 공803 )  화 15:00 - 15:50 ( 공803 )
본과정,정보통신공학과,인공지능실습,101,정필성,3,전공과정,3,화 09:00 - 09:50 ( 공803 )  화 10:00 - 10:50 ( 공803 )  화 11:00 - 11:50 ( 공803 )
본과정,정보통신공학과,홈네트워크,101,정필성,3,전공과정,3,수 09:00 - 09:50 ( 공803 )  수 10:00 - 10:50 ( 공803 )  수 11:00 - 11:50 ( 공803 )
본과정,컴퓨터보안공학과,보안코딩,101,이동영,1,전공과정,3,월 14:00 - 14:50 ( 공811 )  월 15:00 - 15:50 ( 공811 )  월 16:00 - 16:50 ( 공811 )
본과정,컴퓨터보안공학과,보안코딩,102,이동영,1,전공과정,3,화 10:00 - 10:50 ( 공811 )  화 11:00 - 11:50 ( 공811 )  화 12:00 - 12:50 ( 공811 )
본과정,컴퓨터보안공학과,보안코딩,103,이동영,1,전공과정,3,화 14:00 - 14:50 ( 공811 )  화 15:00 - 15:50 ( 공811 )  화 16:00 - 16:50 ( 공811 )
본과정,컴퓨터보안공학과,알고리즘과데이터구조,101,최보금,1,전공과정,3,수 14:00 - 14:50 ( 공306 )  수 15:00 - 15:50 ( 공306 )  수 16:00 - 16:50 ( 공306 )
본과정,컴퓨터보안공학과,알고리즘과데이터구조,102,최보금,1,전공과정,3,수 10:00 - 10:50 ( 공306 )  수 11:00 - 11:50 ( 공306 )  수 12:00 - 12:50 ( 공306 )
본과정,컴퓨터보안공학과,알고리즘과데이터구조,103,최보금,1,전공과정,3,월 14:00 - 14:50 ( 공306 )  월 15:00 - 15:50 ( 공306 )  월 16:00 - 16:50 ( 공306 )
본과정,컴퓨터보안공학과,인공지능코딩기초,101,이수미,1,전공과정,3,화 10:00 - 10:50 ( 공812 )  화 11:00 - 11:50 ( 공812 )  화 12:00 - 12:50 ( 공812 )
본과정,컴퓨터보안공학과,인공지능코딩기초,102,이수미,1,전공과정,3,화 14:00 - 14:50 ( 공812 )  화 15:00 - 15:50 ( 공812 )  화 16:00 - 16:50 ( 공812 )
본과정,컴퓨터보안공학과,인공지능코딩기초,103,이수미,1,전공과정,3,수 10:00 - 10:50 ( 공811 )  수 11:00 - 11:50 ( 공811 )  수 12:00 - 12:50 ( 공811 )
본과정,컴퓨터보안공학과,정보통신개론,801,안성수,1,전공과정,3,수 10:00 - 10:50 ( 공812 )  수 11:00 - 11:50 ( 공812 )  수 12:00 - 12:50 ( 공812 )
본과정,컴퓨터보안공학과,정보통신개론,802,안성수,1,전공과정,3,월 14:00 - 14:50 ( 공812 )  월 15:00 - 15:50 ( 공812 )  월 16:00 - 16:50 ( 공812 )
본과정,컴퓨터보안공학과,정보통신개론,803,안성수,1,전공과정,3,수 14:00 - 14:50 ( 공812 )  수 15:00 - 15:50 ( 공812 )  수 16:00 - 16:50 ( 공812 )
본과정,컴퓨터보안공학과,객체지향언어,101,최보금,2,전공과정,3,목 10:00 - 10:50 ( 공306 )  목 11:00 - 11:50 ( 공306 )  목 12:00 - 12:50 ( 공306 )
본과정,컴퓨터보안공학과,객체지향언어,102,최보금,2,전공과정,3,목 14:00 - 14:50 ( 공306 )  목 15:00 - 15:50 ( 공306 )  목 16:00 - 16:50 ( 공306 )
본과정,컴퓨터보안공학과,데이터통신,101,정미아,2,전공과정,3,화 14:00 - 14:50 ( 공306 )  화 15:00 - 15:50 ( 공306 )  화 16:00 - 16:50 ( 공306 )
본과정,컴퓨터보안공학과,데이터통신,102,정미아,2,전공과정,3,화 10:00 - 10:50 ( 공306 )  화 11:00 - 11:50 ( 공306 )  화 12:00 - 12:50 ( 공306 )
본과정,컴퓨터보안공학과,운영체제,101,정성민,2,전공과정,3,목 14:00 - 14:50 ( 공813 )  목 15:00 - 15:50 ( 공813 )  목 16:00 - 16:50 ( 공813 )
본과정,컴퓨터보안공학과,운영체제,102,정성민,2,전공과정,3,목 10:00 - 10:50 ( 공813 )  목 11:00 - 11:50 ( 공813 )  목 12:00 - 12:50 ( 공813 )
본과정,컴퓨터보안공학과,인공지능과데이터분석,101,,2,전공과정,3,금 14:00 - 14:50 ( 공811 )  금 15:00 - 15:50 ( 공811 )  금 16:00 - 16:50 ( 공811 )
본과정,컴퓨터보안공학과,인공지능과데이터분석,102,,2,전공과정,3,금 11:00 - 11:50 ( 공811 )  금 12:00 - 12:50 ( 공811 )  금 13:00 - 13:50 ( 공811 )
본과정,컴퓨터보안공학과,인터넷프로토콜과네트워크,101,이기쁨,2,전공과정,3,금 11:00 - 11:50 ( 공812 )  금 12:00 - 12:50 ( 공812 )  금 13:00 - 13:50 ( 공812 )
본과정,컴퓨터보안공학과,인터넷프로토콜과네트워크,102,이기쁨,2,전공과정,3,금 14:00 - 14:50 ( 공812 )  금 15:00 - 15:50 ( 공812 )  금 16:00 - 16:50 ( 공812 )
본과정,컴퓨터보안공학과,디지털포렌식,101,정성민,3,전공과정,3,월 14:00 - 14:50 ( 공813 )  월 15:00 - 15:50 ( 공813 )  월 16:00 - 16:50 ( 공813 )
본과정,컴퓨터보안공학과,디지털포렌식,102,정성민,3,전공과정,3,수 14:00 - 14:50 ( 공813 )  수 15:00 - 15:50 ( 공813 )  수 16:00 - 16:50 ( 공813 )
본과정,컴퓨터보안공학과,모바일프로그래밍II,101,이기쁨,3,전공과정,3,화 10:00 - 10:50 ( 공307 )  화 11:00 - 11:50 ( 공307 )  화 12:00 - 12:50 ( 공307 )
본과정,컴퓨터보안공학과,모바일프로그래밍II,102,이기쁨,3,전공과정,3,화 14:00 - 14:50 ( 공307 )  화 15:00 - 15:50 ( 공307 )  화 16:00 - 16:50 ( 공307 )
본과정,컴퓨터보안공학과,보안시스템운영및실습,101,박찬길,3,전공과정,3,수 14:00 - 14:50 ( 공807 )  수 15:00 - 15:50 ( 공807 )  수 16:00 - 16:50 ( 공807 )
본과정,컴퓨터보안공학과,보안시스템운영및실습,102,박찬길,3,전공과정,3,수 10:00 - 10:50 ( 공807 )  수 11:00 - 11:50 ( 공807 )  수 12:00 - 12:50 ( 공807 )
본과정,컴퓨터보안공학과,취창업실무,101,안성수,3,전공과정,1,목 14:00 - 14:50 ( 공812 )
본과정,컴퓨터보안공학과,캡스톤디자인I,101,이동영,3,전공과정,3,목 10:00 - 10:50 ( 공613 )  목 11:00 - 11:50 ( 공613 )  목 12:00 - 12:50 ( 공613 )
본과정,컴퓨터보안공학과,캡스톤디자인I,102,안성수,3,전공과정,3,목 10:00 - 10:50 ( 공812 )  목 11:00 - 11:50 ( 공812 )  목 12:00 - 12:50 ( 공812 )
본과정,컴퓨터보안공학과,해킹방어실습,101,정성민,3,전공과정,3,화 14:00 - 14:50 ( 공813 )  화 15:00 - 15:50 ( 공813 )  화 16:00 - 16:50 ( 공813 )
본과정,컴퓨터보안공학과,해킹방어실습,102,정성민,3,전공과정,3,화 10:00 - 10:50 ( 공813 )  화 11:00 - 11:50 ( 공813 )  화 12:00 - 12:50 ( 공813 )
본과정,경영학과,경영학개론,101,이정진,1,전공과정,3,화 09:00 - 09:50 ( 본429 )  화 10:00 - 10:50 ( 본429 )  화 11:00 - 11:50 ( 본429 )
본과정,경영학과,경영학개론,102,송정선,1,전공과정,3,월 14:00 - 14:50 ( 본710 )  월 15:00 - 15:50 ( 본710 )  월 16:00 - 16:50 ( 본710 )
본과정,경영학과,경영학개론,103,이임정,1,전공과정,3,월 14:00 - 14:50 ( 본615 )  월 15:00 - 15:50 ( 본615 )  월 16:00 - 16:50 ( 본615 )
본과정,경영학과,경영학개론,104,송정선,1,전공과정,3,월 10:00 - 10:50 ( 본710 )  월 11:00 - 11:50 ( 본710 )  월 12:00 - 12:50 ( 본710 )
본과정,경영학과,마케팅원론,101,신문식,1,전공과정,3,수 14:00 - 14:50 ( 본429 )  수 15:00 - 15:50 ( 본429 )  수 16:00 - 16:50 ( 본429 )
본과정,경영학과,마케팅원론,102,신문식,1,전공과정,3,화 14:00 - 14:50 ( 본429 )  화 15:00 - 15:50 ( 본429 )  화 16:00 - 16:50 ( 본429 )
본과정,경영학과,마케팅원론,103,신문식,1,전공과정,3,목 10:00 - 10:50 ( 본429 )  목 11:00 - 11:50 ( 본429 )  목 12:00 - 12:50 ( 본429 )
본과정,경영학과,마케팅원론,104,신문식,1,전공과정,3,목 14:00 - 14:50 ( 본429 )  목 15:00 - 15:50 ( 본429 )  목 16:00 - 16:50 ( 본429 )
본과정,경영학과,사무자동화,101,최윤주,1,전공과정,3,목 10:00 - 10:50 ( 본503 )  목 11:00 - 11:50 ( 본503 )  목 12:00 - 12:50 ( 본503 )
본과정,경영학과,사무자동화,102,최윤주,1,전공과정,3,월 10:00 - 10:50 ( 본503 )  월 11:00 - 11:50 ( 본503 )  월 12:00 - 12:50 ( 본503 )
본과정,경영학과,사무자동화,103,최윤주,1,전공과정,3,목 14:00 - 14:50 ( 본503 )  목 15:00 - 15:50 ( 본503 )  목 16:00 - 16:50 ( 본503 )
본과정,경영학과,조직행위론,101,신문식,1,전공과정,3,수 10:00 - 10:50 ( 본601 )  수 11:00 - 11:50 ( 본601 )  수 12:00 - 12:50 ( 본601 )
본과정,경영학과,조직행위론,102,신문식,1,전공과정,3,목 10:00 - 10:50 ( 본601 )  목 11:00 - 11:50 ( 본601 )  목 12:00 - 12:50 ( 본601 )
본과정,경영학과,조직행위론,103,신문식,1,전공과정,3,수 14:00 - 14:50 ( 본601 )  수 15:00 - 15:50 ( 본601 )  수 16:00 - 16:50 ( 본601 )
본과정,경영학과,회계원리,104,강종철,1,전공과정,3,화 14:00 - 14:50 ( 본601 )  화 15:00 - 15:50 ( 본601 )  화 16:00 - 16:50 ( 본601 )
본과정,경영학과,회계원리,105,강종철,1,전공과정,3,화 09:00 - 09:50 ( 본601 )  화 10:00 - 10:50 ( 본601 )  화 11:00 - 11:50 ( 본601 )
본과정,경영학과,회계원리,106,강종철,1,전공과정,3,월 10:00 - 10:50 ( 본601 )  월 11:00 - 11:50 ( 본601 )  월 12:00 - 12:50 ( 본601 )
본과정,경영학과,회계원리,107,강종철,1,전공과정,3,월 14:00 - 14:50 ( 본601 )  월 15:00 - 15:50 ( 본601 )  월 16:00 - 16:50 ( 본601 )
본과정,경영학과,고객관리캡스톤디자인,101,변경희,2,전공과정,3,월 10:00 - 10:50 ( 본608 )  월 11:00 - 11:50 ( 본608 )  월 12:00 - 12:50 ( 본608 )
본과정,경영학과,고객관리캡스톤디자인,102,변경희,2,전공과정,3,월 14:00 - 14:50 ( 본608 )  월 15:00 - 15:50 ( 본608 )  월 16:00 - 16:50 ( 본608 )
본과정,경영학과,고객관리캡스톤디자인,103,변경희,2,전공과정,3,수 10:00 - 10:50 ( 본615 )  수 11:00 - 11:50 ( 본615 )  수 12:00 - 12:50 ( 본615 )
본과정,경영학과,국제재무관리,101,박형근,2,전공과정,3,화 09:00 - 09:50 ( 본608 )  화 10:00 - 10:50 ( 본608 )  화 11:00 - 11:50 ( 본608 )
본과정,경영학과,국제재무관리,102,신지숙,2,전공과정,3,수 10:00 - 10:50 ( 본608 )  수 11:00 - 11:50 ( 본608 )  수 12:00 - 12:50 ( 본608 )
본과정,경영학과,국제재무관리,103,유태우,2,전공과정,3,수 14:00 - 14:50 ( 본608 )  수 15:00 - 15:50 ( 본608 )  수 16:00 - 16:50 ( 본608 )
본과정,경영학과,글로벌커뮤니케이션,101,신문식,2,교양과정,2,수 10:00 - 10:50 ( 본429 )  수 11:00 - 11:50 ( 본429 )
본과정,경영학과,글로벌커뮤니케이션,102,신문식,2,교양과정,2,월 11:00 - 11:50 ( 본429 )  월 12:00 - 12:50 ( 본429 )
본과정,경영학과,글로벌커뮤니케이션,103,신문식,2,교양과정,2,월 14:00 - 14:50 ( 본429 )  월 15:00 - 15:50 ( 본429 )
본과정,경영학과,생산관리,101,손명호,2,전공과정,3,월 14:00 - 14:50 ( 본503 )  월 15:00 - 15:50 ( 본503 )  월 16:00 - 16:50 ( 본503 )
본과정,경영학과,생산관리,102,손명호,2,전공과정,3,화 09:00 - 09:50 ( 본503 )  화 10:00 - 10:50 ( 본503 )  화 11:00 - 11:50 ( 본503 )
본과정,경영학과,생산관리,103,송정선,2,전공과정,3,화 14:00 - 14:50 ( 본503 )  화 15:00 - 15:50 ( 본503 )  화 16:00 - 16:50 ( 본503 )
본과정,경영학과,시장조사론,101,신문식,2,전공과정,3,화 15:00 - 15:50 ( 본615 )  화 16:00 - 16:50 ( 본615 )  화 17:00 - 17:50 ( 본615 )
본과정,경영학과,시장조사론,102,신문식,2,전공과정,3,화 12:00 - 12:50 ( 본615 )  화 13:00 - 13:50 ( 본615 )  화 14:00 - 14:50 ( 본615 )
본과정,경영학과,시장조사론,103,신문식,2,전공과정,3,화 09:00 - 09:50 ( 본615 )  화 10:00 - 10:50 ( 본615 )  화 11:00 - 11:50 ( 본615 )
본과정,경영학과,원가회계,101,정휘영,2,전공과정,3,수 13:00 - 13:50 ( 본417 )  수 14:00 - 14:50 ( 본417 )  수 15:00 - 15:50 ( 본417 )
본과정,경영학과,원가회계,102,이병구,2,전공과정,3,수 14:00 - 14:50 ( 본615 )  수 15:00 - 15:50 ( 본615 )  수 16:00 - 16:50 ( 본615 )
본과정,경영학과,원가회계,103,이병구,2,전공과정,3,월 10:00 - 10:50 ( 본615 )  월 11:00 - 11:50 ( 본615 )  월 12:00 - 12:50 ( 본615 )
본과정,세무회계과,경제학,101,최유진,1,전공과정,3,화 15:00 - 15:50 ( 본602 )  화 16:00 - 16:50 ( 본602 )  화 17:00 - 17:50 ( 본602 )
본과정,세무회계과,경제학,102,최유진,1,전공과정,3,화 09:00 - 09:50 ( 본602 )  화 10:00 - 10:50 ( 본602 )  화 11:00 - 11:50 ( 본602 )
본과정,세무회계과,경제학,103,최유진,1,전공과정,3,화 12:00 - 12:50 ( 본602 )  화 13:00 - 13:50 ( 본602 )  화 14:00 - 14:50 ( 본602 )
본과정,세무회계과,세법개론,101,정성진,1,전공과정,3,원격시험 배정시간  목 16:25 - 17:50 ( 본602 )
본과정,세무회계과,창업과경영마인드,101,정성진,1,전공과정,3,월 10:00 - 10:50 ( 본602 )  월 11:00 - 11:50 ( 본602 )  월 12:00 - 12:50 ( 본602 )
본과정,세무회계과,창업과경영마인드,102,이정진,1,전공과정,3,화 14:00 - 14:50 ( 본401 )  화 15:00 - 15:50 ( 본401 )  화 16:00 - 16:50 ( 본401 )
본과정,세무회계과,창업과경영마인드,103,정은희,1,전공과정,3,월 13:00 - 13:50 ( 본401 )  월 14:00 - 14:50 ( 본401 )  월 15:00 - 15:50 ( 본401 )
본과정,세무회계과,회계원리,101,이수명,1,전공과정,3,월 14:00 - 14:50 ( 본602 )  월 15:00 - 15:50 ( 본602 )  월 16:00 - 16:50 ( 본602 )
본과정,세무회계과,회계원리,102,이수명,1,전공과정,3,수 14:00 - 14:50 ( 본602 )  수 15:00 - 15:50 ( 본602 )  수 16:00 - 16:50 ( 본602 )
본과정,세무회계과,회계원리,103,이수명,1,전공과정,3,수 10:25 - 11:25 ( 본602 )  수 11:25 - 12:25 ( 본602 )  수 12:25 - 13:25 ( 본602 )
본과정,세무회계과,관리회계,101,정휘영,2,전공과정,3,월 12:00 - 13:25 ( 본402 )  화 14:00 - 15:25 ( 본402 )
본과정,세무회계과,관리회계,102,정휘영,2,전공과정,3,월 16:00 - 17:25 ( 본402 )  목 14:00 - 15:25 ( 본402 )
본과정,세무회계과,관리회계,103,정휘영,2,전공과정,3,월 14:00 - 15:25 ( 본402 )  화 12:00 - 13:25 ( 본402 )
본과정,세무회계과,글로벌어카운팅,101,정휘영,2,교양과정,2,목 16:00 - 16:50 ( 본402 )  목 17:00 - 17:50 ( 본402 )
본과정,세무회계과,부가가치세법,101,구성권,2,전공과정,3,목 09:00 - 09:50 ( 본614 )  목 10:00 - 10:50 ( 본614 )  목 11:00 - 11:50 ( 본614 )
본과정,세무회계과,부가가치세법,102,배성은,2,전공과정,3,수 09:25 - 10:25 ( 본402 )  수 10:25 - 11:25 ( 본402 )  수 11:25 - 12:25 ( 본402 )
본과정,세무회계과,부가가치세법,103,배성은,2,전공과정,3,수 13:00 - 13:50 ( 본402 )  수 14:00 - 14:50 ( 본402 )  수 15:00 - 15:50 ( 본402 )
본과정,세무회계과,세무회계,101,구성권,2,전공과정,3,화 09:00 - 09:50 ( 본614 )  화 10:00 - 10:50 ( 본614 )  화 11:00 - 11:50 ( 본614 )
본과정,세무회계과,세무회계,102,구성권,2,전공과정,3,화 12:25 - 13:25 ( 본614 )  화 13:25 - 14:25 ( 본614 )  화 14:25 - 15:25 ( 본614 )
본과정,세무회계과,세무회계,103,구성권,2,전공과정,3,목 12:25 - 13:25 ( 본614 )  목 13:25 - 14:25 ( 본614 )  목 14:25 - 15:25 ( 본614 )
본과정,세무회계과,재무회계,101,정은희,2,전공과정,3,목 13:00 - 13:50 ( 본401 )  목 14:00 - 14:50 ( 본401 )  목 15:00 - 15:50 ( 본401 )
본과정,세무회계과,재무회계,102,정은희,2,전공과정,3,수 13:00 - 13:50 ( 본401 )  수 14:00 - 14:50 ( 본401 )  수 15:00 - 15:50 ( 본401 )
본과정,세무회계과,재무회계,103,이수명,2,전공과정,3,화 10:25 - 11:50 ( 본401 )  목 10:25 - 11:50 ( 본401 )
본과정,세무회계과,전산회계실무,101,최형기,2,전공과정,3,월 15:00 - 15:50 ( 본501 )  월 16:00 - 16:50 ( 본501 )  월 17:00 - 17:50 ( 본501 )
본과정,세무회계과,전산회계실무,102,최형기,2,전공과정,3,월 12:00 - 12:50 ( 본501 )  월 13:00 - 13:50 ( 본501 )  월 14:00 - 14:50 ( 본501 )
본과정,세무회계과,전산회계실무,103,최형기,2,전공과정,3,월 09:00 - 09:50 ( 본501 )  월 10:00 - 10:50 ( 본501 )  월 11:00 - 11:50 ( 본501 )
본과정,부동산경영과,부동산AI디지털정보처리,101,박준용,1,전공과정,3,목 14:00 - 14:50 ( 본513 )  목 15:00 - 15:50 ( 본513 )  목 16:00 - 16:50 ( 본513 )
본과정,부동산경영과,부동산AI디지털정보처리,102,박준용,1,전공과정,3,수 10:00 - 10:50 ( 본513 )  수 11:00 - 11:50 ( 본513 )  수 12:00 - 12:50 ( 본513 )
본과정,부동산경영과,부동산AI디지털정보처리,103,박준용,1,전공과정,3,목 10:00 - 10:50 ( 본513 )  목 11:00 - 11:50 ( 본513 )  목 12:00 - 12:50 ( 본513 )
본과정,부동산경영과,부동산경제학,101,권도형,1,전공과정,3,목 10:00 - 10:50 ( 본608 )  목 11:00 - 11:50 ( 본608 )  목 12:00 - 12:50 ( 본608 )
본과정,부동산경영과,부동산경제학,102,권도형,1,전공과정,3,목 14:00 - 14:50 ( 본613 )  목 15:00 - 15:50 ( 본613 )  목 16:00 - 16:50 ( 본613 )
본과정,부동산경영과,부동산사법I,101,김나래,1,전공과정,3,화 10:00 - 10:50 ( 본403 )  화 11:00 - 11:50 ( 본403 )  화 12:00 - 12:50 ( 본403 )
본과정,부동산경영과,부동산사법I,102,석호영,1,전공과정,3,수 14:00 - 14:50 ( 본403 )  수 15:00 - 15:50 ( 본403 )  수 16:00 - 16:50 ( 본403 )
본과정,부동산경영과,부동산학개론,101,서후석,1,전공과정,3,화 14:00 - 14:50 ( 본607 )  화 15:00 - 15:50 ( 본607 )  화 16:00 - 16:50 ( 본607 )
본과정,부동산경영과,부동산학개론,102,서후석,1,전공과정,3,목 10:00 - 10:50 ( 본613 )  목 11:00 - 11:50 ( 본613 )  목 12:00 - 12:50 ( 본613 )
본과정,부동산경영과,공인중개사법및중개실무,101,임병연,2,전공과정,3,화 14:00 - 14:50 ( 본403 )  화 15:00 - 15:50 ( 본403 )  화 16:00 - 16:50 ( 본403 )
본과정,부동산경영과,공인중개사법및중개실무,102,김나래,2,전공과정,3,목 10:00 - 10:50 ( 본403 )  목 11:00 - 11:50 ( 본403 )  목 12:00 - 12:50 ( 본403 )
본과정,부동산경영과,부동산감정평가론,101,이동원,2,전공과정,3,월 10:00 - 10:50 ( 본607 )  월 11:00 - 11:50 ( 본607 )  월 12:00 - 12:50 ( 본607 )
본과정,부동산경영과,부동산감정평가론,102,이동원,2,전공과정,3,월 14:00 - 14:50 ( 본403 )  월 15:00 - 15:50 ( 본403 )  월 16:00 - 16:50 ( 본403 )
본과정,부동산경영과,부동산개발론,101,손진수,2,전공과정,3,수 10:00 - 10:50 ( 본607 )  수 11:00 - 11:50 ( 본607 )  수 12:00 - 12:50 ( 본607 )
본과정,부동산경영과,부동산개발론,102,손진수,2,전공과정,3,화 10:00 - 10:50 ( 본603 )  화 11:00 - 11:50 ( 본603 )  화 12:00 - 12:50 ( 본603 )
본과정,부동산경영과,부동산공법II,101,이상훈,2,전공과정,3,화 10:00 - 10:50 ( 본607 )  화 11:00 - 11:50 ( 본607 )  화 12:00 - 12:50 ( 본607 )
본과정,부동산경영과,부동산공법II,102,이상훈,2,전공과정,3,화 14:00 - 14:50 ( 본603 )  화 15:00 - 15:50 ( 본603 )  화 16:00 - 16:50 ( 본603 )
본과정,부동산경영과,부동산이용론,101,양승철,2,전공과정,3,월 14:00 - 14:50 ( 본613 )  월 15:00 - 15:50 ( 본613 )  월 16:00 - 16:50 ( 본613 )
본과정,부동산경영과,부동산이용론,102,양승철,2,전공과정,3,목 14:00 - 14:50 ( 본403 )  목 15:00 - 15:50 ( 본403 )  목 16:00 - 16:50 ( 본403 )
본과정,사회복지과,건강가정론,101,정민아,1,전공과정,3,원격시험 배정시간  수 17:00 - 17:50 (  )
본과정,사회복지과,노인복지론,101,김수현,1,전공과정,3,목 14:00 - 14:50 ( 본417 )  목 15:00 - 15:50 ( 본417 )  목 16:00 - 16:50 ( 본417 )
본과정,사회복지과,노인복지론,102,나용선,1,전공과정,3,월 14:00 - 14:50 ( 본609 )  월 15:00 - 15:50 ( 본609 )  월 16:00 - 16:50 ( 본609 )
본과정,사회복지과,노인복지론,103,나용선,1,전공과정,3,목 14:00 - 14:50 ( 본609 )  목 15:00 - 15:50 ( 본609 )  목 16:00 - 16:50 ( 본609 )
본과정,사회복지과,사회복지학개론,101,김희성,1,전공과정,3,화 14:00 - 14:50 ( 본609 )  화 15:00 - 15:50 ( 본609 )  화 16:00 - 16:50 ( 본609 )
본과정,사회복지과,사회복지학개론,101,김미희,1,전공과정,3,수 10:00 - 10:50 ( 본716 )  수 11:00 - 11:50 ( 본716 )  수 12:00 - 12:50 ( 본716 )
본과정,사회복지과,사회복지학개론,102,정민아,1,전공과정,3,월 10:00 - 10:50 ( 본604 )  월 11:00 - 11:50 ( 본604 )  월 12:00 - 12:50 ( 본604 )
본과정,사회복지과,사회복지학개론,103,임현진,1,전공과정,3,수 10:00 - 10:50 ( 본609 )  수 11:00 - 11:50 ( 본609 )  수 12:00 - 12:50 ( 본609 )
본과정,사회복지과,상황별요양보호기술(Ⅰ),101,김희성,1,전공과정,2,수 14:00 - 14:50 ( 본716 )  수 15:00 - 15:50 ( 본716 )
본과정,사회복지과,상황별요양보호기술(Ⅰ),102,김희성,1,전공과정,2,수 16:00 - 16:50 ( 본716 )  수 17:00 - 17:50 ( 본716 )
본과정,사회복지과,아동복지론,101,심다연,1,전공과정,3,화 10:00 - 10:50 ( 본609 )  화 11:00 - 11:50 ( 본609 )  화 12:00 - 12:50 ( 본609 )
본과정,사회복지과,아동복지론,102,최유진,1,전공과정,3,목 10:00 - 10:50 ( 본604 )  목 11:00 - 11:50 ( 본604 )  목 12:00 - 12:50 ( 본604 )
본과정,사회복지과,아동복지론,103,김수연,1,전공과정,3,수 14:00 - 14:50 ( 본714 )  수 15:00 - 15:50 ( 본714 )  수 16:00 - 16:50 ( 본714 )
본과정,사회복지과,요양보호와생활지원(Ⅰ),101,김희성,1,전공과정,2,화 14:00 - 14:50 ( 본702 )  화 15:00 - 15:50 ( 본702 )
본과정,사회복지과,요양보호와생활지원(Ⅰ),102,김희성,1,전공과정,2,화 16:00 - 16:50 ( 본716 )  화 17:00 - 17:50 ( 본716 )
본과정,사회복지과,요양보호와생활지원(Ⅱ),101,김희성,1,전공과정,2,화 16:00 - 16:50 ( 본702 )  화 17:00 - 17:50 ( 본702 )
본과정,사회복지과,요양보호와생활지원(Ⅱ),102,김희성,1,전공과정,2,화 14:00 - 14:50 ( 본716 )  화 15:00 - 15:50 ( 본716 )
본과정,사회복지과,정신건강론,101,이유섭,1,전공과정,3,수 14:00 - 14:50 ( 본604 )  수 15:00 - 15:50 ( 본604 )  수 16:00 - 16:50 ( 본604 )
본과정,사회복지과,정신건강론,102,조명희,1,전공과정,3,목 14:00 - 14:50 ( 본615 )  목 15:00 - 15:50 ( 본615 )  목 16:00 - 16:50 ( 본615 )
본과정,사회복지과,정신건강론,103,조명희,1,전공과정,3,목 10:00 - 10:50 ( 본609 )  목 11:00 - 11:50 ( 본609 )  목 12:00 - 12:50 ( 본609 )
본과정,사회복지과,지역사회복지론,101,김희성,1,전공과정,3,목 10:00 - 10:50 ( 본714 )  목 11:00 - 11:50 ( 본714 )  목 12:00 - 12:50 ( 본714 )
본과정,사회복지과,지역사회복지론,102,오은석,1,전공과정,3,수 14:00 - 14:50 ( 본613 )  수 15:00 - 15:50 ( 본613 )  수 16:00 - 16:50 ( 본613 )
본과정,사회복지과,지역사회복지론,103,오은석,1,전공과정,3,월 14:00 - 14:50 ( 본604 )  월 15:00 - 15:50 ( 본604 )  월 16:00 - 16:50 ( 본604 )
본과정,사회복지과,한국어와한국문화(Ⅰ),101,김희성,1,전공과정,3,화 10:00 - 10:50 ( 본702 )  화 11:00 - 11:50 ( 본702 )  화 12:00 - 12:50 ( 본702 )
본과정,사회복지과,한국어와한국문화(Ⅰ),102,김희성,1,전공과정,3,목 10:00 - 10:50 ( 본716 )  목 11:00 - 11:50 ( 본716 )  목 12:00 - 12:50 ( 본716 )
본과정,사회복지과,한국어와한국문화(Ⅱ),101,김희성,1,전공과정,3,목 10:00 - 10:50 ( 본702 )  목 11:00 - 11:50 ( 본702 )  목 12:00 - 12:50 ( 본702 )
본과정,사회복지과,한국어와한국문화(Ⅱ),102,김희성,1,전공과정,3,화 10:00 - 10:50 ( 본716 )  화 11:00 - 11:50 ( 본716 )  화 12:00 - 12:50 ( 본716 )
본과정,사회복지과,가족복지론,101,김희성,2,전공과정,3,수 10:00 - 10:50 ( 본714 )  수 11:00 - 11:50 ( 본714 )  수 12:00 - 12:50 ( 본714 )
본과정,사회복지과,가족복지론,102,김희성,2,전공과정,3,목 14:00 - 14:50 ( 본604 )  목 15:00 - 15:50 ( 본604 )  목 16:00 - 16:50 ( 본604 )
본과정,사회복지과,가족복지론,103,김희성,2,전공과정,3,월 14:00 - 14:50 ( 본714 )  월 15:00 - 15:50 ( 본714 )  월 16:00 - 16:50 ( 본714 )
본과정,사회복지과,사례관리론,101,김희성,2,전공과정,3,월 14:00 - 14:50 ( 본612 )  월 15:00 - 15:50 ( 본612 )  월 16:00 - 16:50 ( 본612 )
본과정,사회복지과,사례관리론,102,김경희,2,전공과정,3,화 14:00 - 14:50 ( 본714 )  화 15:00 - 15:50 ( 본714 )  화 16:00 - 16:50 ( 본714 )
본과정,사회복지과,사례관리론,103,김희성,2,전공과정,3,목 14:00 - 14:50 ( 본612 )  목 15:00 - 15:50 ( 본612 )  목 16:00 - 16:50 ( 본612 )
본과정,사회복지과,사회복지실천기술론,101,나용선,2,전공과정,3,수 14:00 - 14:50 ( 본609 )  수 15:00 - 15:50 ( 본609 )  수 16:00 - 16:50 ( 본609 )
본과정,사회복지과,사회복지실천기술론,102,김경원,2,전공과정,3,월 14:00 - 14:50 ( 본603 )  월 15:00 - 15:50 ( 본603 )  월 16:00 - 16:50 ( 본603 )
본과정,사회복지과,사회복지실천기술론,103,김경원,2,전공과정,3,월 10:00 - 10:50 ( 본609 )  월 11:00 - 11:50 ( 본609 )  월 12:00 - 12:50 ( 본609 )
본과정,사회복지과,사회복지조사론,101,김미희,2,전공과정,3,목 14:00 - 14:50 ( 본714 )  목 15:00 - 15:50 ( 본714 )  목 16:00 - 16:50 ( 본714 )
본과정,사회복지과,사회복지조사론,102,김미희,2,전공과정,3,월 10:00 - 10:50 ( 본714 )  월 11:00 - 11:50 ( 본714 )  월 12:00 - 12:50 ( 본714 )
본과정,사회복지과,사회복지조사론,103,김수현,2,전공과정,3,목 10:00 - 10:50 ( 본612 )  목 11:00 - 11:50 ( 본612 )  목 12:00 - 12:50 ( 본612 )
본과정,사회복지과,사회복지현장실습코칭,101,김희성,2,전공과정,1,금 09:00 - 09:50 ( 본612 )
본과정,사회복지과,프로그램개발과평가(캡스톤디자인),101,오은석,2,전공과정,3,월 10:00 - 10:50 ( 본612 )  월 11:00 - 11:50 ( 본612 )  월 12:00 - 12:50 ( 본612 )
본과정,사회복지과,프로그램개발과평가(캡스톤디자인),102,정민아,2,전공과정,3,화 10:00 - 10:50 ( 본604 )  화 11:00 - 11:50 ( 본604 )  화 12:00 - 12:50 ( 본604 )
본과정,사회복지과,프로그램개발과평가(캡스톤디자인),103,김미희,2,전공과정,3,화 10:00 - 10:50 ( 본714 )  화 11:00 - 11:50 ( 본714 )  화 12:00 - 12:50 ( 본714 )
본과정,공공행정서비스과,사무자동화,101,이시연,1,전공과정,3,목 10:00 - 10:50 ( 본514 )  목 11:00 - 11:50 ( 본514 )  목 12:00 - 12:50 ( 본514 )
본과정,공공행정서비스과,사무자동화,102,이시연,1,전공과정,3,월 14:00 - 14:50 ( 본514 )  월 15:00 - 15:50 ( 본514 )  월 16:00 - 16:50 ( 본514 )
본과정,공공행정서비스과,자치행정론,101,김기진,1,전공과정,3,화 14:25 - 15:25 ( 본605 )  화 15:25 - 16:25 ( 본605 )  화 16:25 - 17:25 ( 본605 )
본과정,공공행정서비스과,자치행정론,102,신혜영,1,전공과정,3,목 10:00 - 10:50 ( 본606 )  목 11:00 - 11:50 ( 본606 )  목 12:00 - 12:50 ( 본606 )
본과정,공공행정서비스과,조직론,101,이재성,1,전공과정,3,수 10:00 - 10:50 ( 본605 )  수 11:00 - 11:50 ( 본605 )  수 12:00 - 12:50 ( 본605 )
본과정,공공행정서비스과,조직론,102,정윤석,1,전공과정,3,월 10:00 - 10:50 ( 본606 )  월 11:00 - 11:50 ( 본606 )  월 12:00 - 12:50 ( 본606 )
본과정,공공행정서비스과,행정갈등문제해결,101,신혜영,1,교양과정,2,수 14:25 - 15:25 ( 본605 )  수 15:25 - 16:25 ( 본605 )
본과정,공공행정서비스과,행정직업윤리,101,신혜영,1,교양과정,2,목 14:25 - 15:25 ( 본605 )  목 15:25 - 16:25 ( 본605 )
본과정,공공행정서비스과,행정학개론,101,유영철,1,전공과정,3,화 11:00 - 11:50 ( 본605 )  화 12:00 - 12:50 ( 본606 )  화 13:00 - 13:50 ( 본605 )
본과정,공공행정서비스과,행정학개론,102,유영철,1,전공과정,3,수 11:00 - 11:50 ( 본606 )  수 12:00 - 12:50 ( 본606 )  수 13:00 - 13:50 ( 본606 )
본과정,공공행정서비스과,공기업캡스톤디자인,101,이재성,2,전공과정,3,화 10:00 - 10:50 ( 본710 )  화 11:00 - 11:50 ( 본710 )  화 12:00 - 12:50 ( 본710 )
본과정,공공행정서비스과,공기업캡스톤디자인,102,이재성,2,전공과정,3,화 14:00 - 14:50 ( 본417 )  화 15:00 - 15:50 ( 본417 )  화 16:00 - 16:50 ( 본417 )
본과정,공공행정서비스과,공직적성NCS,101,정윤석,2,전공과정,3,화 14:00 - 14:50 ( 본710 )  화 15:00 - 15:50 ( 본710 )  화 16:00 - 16:50 ( 본710 )
본과정,공공행정서비스과,공직적성NCS,102,정윤석,2,전공과정,3,화 10:00 - 10:50 ( 본417 )  화 11:00 - 11:50 ( 본417 )  화 12:00 - 12:50 ( 본417 )
본과정,공공행정서비스과,조사방법론,101,유영철,2,전공과정,3,목 11:00 - 11:50 ( 본710 )  목 12:00 - 12:50 ( 본710 )  목 13:00 - 13:50 ( 본710 )
본과정,공공행정서비스과,조사방법론,102,이시연,2,전공과정,3,월 10:00 - 10:50 ( 본417 )  월 11:00 - 11:50 ( 본417 )  월 12:00 - 12:50 ( 본417 )
본과정,공공행정서비스과,행정법I,101,김기진,2,전공과정,3,목 14:25 - 15:25 ( 본710 )  목 15:25 - 16:25 ( 본710 )  목 16:25 - 17:25 ( 본710 )
본과정,공공행정서비스과,행정법I,102,김기진,2,전공과정,3,월 14:00 - 14:50 ( 본417 )  월 15:00 - 15:50 ( 본417 )  월 16:00 - 16:50 ( 본417 )
본과정,항공서비스과,기초토익,101,서성식,1,전공과정,3,화 09:00 - 09:50 ( 예705 )  화 10:00 - 10:50 ( 예705 )  화 11:00 - 11:50 ( 예705 )
본과정,항공서비스과,기초토익,102,서성식,1,전공과정,3,화 14:00 - 14:50 ( 예705 )  화 15:00 - 15:50 ( 예705 )  화 16:00 - 16:50 ( 예705 )
본과정,항공서비스과,서비스문제해결능력,101,서승혜,1,교양과정,2,수 14:00 - 14:50 ( 예703 )  수 15:00 - 15:50 ( 예703 )
본과정,항공서비스과,서비스문제해결능력,102,서승혜,1,교양과정,2,수 11:00 - 11:50 ( 예703 )  수 12:00 - 12:50 ( 예703 )
본과정,항공서비스과,이미지메이킹실습,101,석은주,1,전공과정,3,수 10:00 - 10:50 ( 예704 )  수 11:00 - 11:50 ( 예704 )  수 12:00 - 12:50 ( 예704 )
본과정,항공서비스과,이미지메이킹실습,102,석은주,1,전공과정,3,수 14:00 - 14:50 ( 예704 )  수 15:00 - 15:50 ( 예704 )  수 16:00 - 16:50 ( 예704 )
본과정,항공서비스과,항공객실업무이해,101,이윤종,1,전공과정,3,월 10:00 - 10:50 ( 예705 )  월 11:00 - 11:50 ( 예705 )  월 12:00 - 12:50 ( 예705 )
본과정,항공서비스과,항공객실업무이해,102,이윤종,1,전공과정,3,월 14:00 - 14:50 ( 예705 )  월 15:00 - 15:50 ( 예705 )  월 16:00 - 16:50 ( 예705 )
본과정,항공서비스과,항공안전보안실습,101,석은주,1,전공과정,3,금 14:00 - 14:50 ( 예702 )  금 15:00 - 15:50 ( 예702 )  금 16:00 - 16:50 ( 예702 )
본과정,항공서비스과,항공안전보안실습,102,석은주,1,전공과정,3,금 10:00 - 10:50 ( 예702 )  금 11:00 - 11:50 ( 예702 )  금 12:00 - 12:50 ( 예702 )
본과정,항공서비스과,항공운송실무실습,101,최은주,1,전공과정,3,화 14:00 - 14:50 ( 예703 )  화 15:00 - 15:50 ( 예703 )  화 16:00 - 16:50 ( 예703 )
본과정,항공서비스과,항공운송실무실습,102,최은주,1,전공과정,3,화 09:00 - 09:50 ( 예703 )  화 10:00 - 10:50 ( 예703 )  화 11:00 - 11:50 ( 예703 )
본과정,항공서비스과,객실서비스롤플레이실습,101,서승혜,2,전공과정,3,월 14:00 - 14:50 ( 예702 )  월 15:00 - 15:50 ( 예702 )  월 16:00 - 16:50 ( 예702 )
본과정,항공서비스과,객실서비스롤플레이실습,102,서승혜,2,전공과정,3,화 09:00 - 09:50 ( 예702 )  화 10:00 - 10:50 ( 예702 )  화 11:00 - 11:50 ( 예702 )
본과정,항공서비스과,기내방송연습,101,강세현,2,전공과정,3,월 10:00 - 10:50 ( 예703 )  월 11:00 - 11:50 ( 예703 )  월 12:00 - 12:50 ( 예703 )
본과정,항공서비스과,기내방송연습,102,강세현,2,전공과정,3,월 14:00 - 14:50 ( 예703 )  월 15:00 - 15:50 ( 예703 )  월 16:00 - 16:50 ( 예703 )
본과정,항공서비스과,서비스직업윤리,101,석은주,2,교양과정,2,목 14:00 - 14:50 ( 예704 )  목 15:00 - 15:50 ( 예704 )
본과정,항공서비스과,서비스직업윤리,102,석은주,2,교양과정,2,목 11:00 - 11:50 ( 예704 )  목 12:00 - 12:50 ( 예704 )
본과정,항공서비스과,실전토익,101,서성식,2,전공과정,3,목 10:00 - 10:50 ( 예705 )  목 11:00 - 11:50 ( 예705 )  목 12:00 - 12:50 ( 예705 )
본과정,항공서비스과,실전토익,102,이한희,2,전공과정,3,목 14:00 - 14:50 ( 예705 )  목 15:00 - 15:50 ( 예705 )  목 16:00 - 16:50 ( 예705 )
본과정,항공서비스과,토익스피킹,101,이한희,2,전공과정,3,수 14:00 - 14:50 ( 예705 )  수 15:00 - 15:50 ( 예705 )  수 16:00 - 16:50 ( 예705 )
본과정,항공서비스과,토익스피킹,102,이한희,2,전공과정,3,수 10:00 - 10:50 ( 예705 )  수 11:00 - 11:50 ( 예705 )  수 12:00 - 12:50 ( 예705 )
본과정,항공서비스과,항공면접실전연습,101,석은주,2,전공과정,3,화 09:00 - 09:50 ( 예704 )  화 10:00 - 10:50 ( 예704 )  화 11:00 - 11:50 ( 예704 )
본과정,항공서비스과,항공면접실전연습,102,석은주,2,전공과정,3,월 10:00 - 10:50 ( 예704 )  월 11:00 - 11:50 ( 예704 )  월 12:00 - 12:50 ( 예704 )
본과정,중국어비즈니스과,비즈니스의사소통능력,101,박은경,1,교양과정,2,월 14:00 - 14:50 ( 본715 )  월 15:00 - 15:50 ( 본715 )
본과정,중국어비즈니스과,중국어문법,101,김애경,1,전공과정,3,월 11:00 - 12:25 ( 본708 )  수 16:00 - 17:25 ( 본708 )
본과정,중국어비즈니스과,중국어문법,102,김애경,1,전공과정,3,수 11:00 - 12:25 ( 본708 )  목 11:25 - 12:50 ( 본708 )
본과정,중국어비즈니스과,중국어회화1,101,아이페이,1,전공과정,3,수 14:25 - 15:50 ( 본703 )  목 14:25 - 15:50 ( 본703 )
본과정,중국어비즈니스과,중국어회화1,102,아이페이,1,전공과정,3,월 11:00 - 12:25 ( 본703 )  목 16:00 - 17:25 ( 본703 )
본과정,중국어비즈니스과,초급중국어독해,101,김상균,1,전공과정,3,월 16:00 - 17:25 ( 본711 )  목 13:00 - 14:25 ( 본711 )
본과정,중국어비즈니스과,초급중국어독해,102,김상균,1,전공과정,3,수 16:00 - 17:25 ( 본711 )  목 14:25 - 15:50 ( 본711 )
본과정,중국어비즈니스과,초급중국어작문,101,범유정,1,전공과정,3,수 13:00 - 14:25 ( 본715 )  목 11:25 - 12:50 ( 본715 )
본과정,중국어비즈니스과,초급중국어작문,102,범유정,1,전공과정,3,수 14:25 - 15:50 ( 본715 )  목 10:00 - 11:25 ( 본715 )
본과정,중국어비즈니스과,HSK어법중국어,101,김상균,2,전공과정,3,월 13:00 - 14:25 ( 본711 )  수 13:00 - 14:25 ( 본711 )
본과정,중국어비즈니스과,HSK어법중국어,102,김상균,2,전공과정,3,월 14:25 - 15:50 ( 본711 )  수 14:25 - 15:50 ( 본711 )
본과정,중국어비즈니스과,면세점중국어,101,범유정,2,전공과정,3,월 16:00 - 17:25 ( 본715 )  화 14:00 - 15:25 ( 본715 )
본과정,중국어비즈니스과,면세점중국어,102,범유정,2,전공과정,3,화 10:25 - 11:50 ( 본715 )  수 16:00 - 17:25 ( 본715 )
본과정,중국어비즈니스과,비즈니스문제해결능력,101,박은경,2,교양과정,2,화 15:25 - 16:25 ( 본703 )  화 16:25 - 17:25 ( 본703 )
본과정,중국어비즈니스과,여행서비스캡스톤디자인Ⅱ,101,범유정,2,전공과정,3,수 09:25 - 10:25 ( 본715 )  수 10:25 - 11:25 ( 본715 )  수 11:25 - 12:25 ( 본715 )
본과정,중국어비즈니스과,여행서비스캡스톤디자인Ⅱ,102,아이페이,2,전공과정,3,수 09:25 - 10:25 ( 본703 )  수 10:25 - 11:25 ( 본703 )  수 11:25 - 12:25 ( 본703 )
본과정,중국어비즈니스과,중국어편집디자인,101,범유정,2,통합전공교과,3,월 09:25 - 10:25 ( 예202 )  월 10:25 - 11:25 ( 예202 )  월 11:25 - 12:25 ( 예202 )
본과정,중국어비즈니스과,중급비즈니스중국어,101,아이페이,2,전공과정,3,화 10:25 - 11:50 ( 본703 )  수 16:00 - 17:25 ( 본703 )
본과정,중국어비즈니스과,중급비즈니스중국어,102,아이페이,2,전공과정,3,월 16:00 - 17:25 ( 본703 )  화 14:00 - 15:25 ( 본703 )
본과정,중국어비즈니스과,통번역연습II,101,김애경,2,전공과정,3,월 14:25 - 15:50 ( 본708 )  수 14:25 - 15:50 ( 본708 )
본과정,중국어비즈니스과,통번역연습II,102,김애경,2,전공과정,3,월 13:00 - 14:25 ( 본708 )  수 13:00 - 14:25 ( 본708 )
본과정,일본어과,기초일본어회화,101,조우림,1,전공과정,3,수 10:00 - 10:50 ( 본508 )  수 11:00 - 11:50 ( 본508 )  수 12:00 - 12:50 ( 본508 )
본과정,일본어과,기초일본어회화,102,조우림,1,전공과정,3,수 14:00 - 14:50 ( 본508 )  수 15:00 - 15:50 ( 본508 )  수 16:00 - 16:50 ( 본508 )
본과정,일본어과,기초일본어회화,103,조우림,1,전공과정,3,목 10:00 - 10:50 ( 본508 )  목 11:00 - 11:50 ( 본508 )  목 12:00 - 12:50 ( 본508 )
본과정,일본어과,시청각일본어,101,이미정,1,전공과정,3,금 10:00 - 10:50 ( 본705 )  금 11:00 - 11:50 ( 본705 )  금 12:00 - 12:50 ( 본705 )
본과정,일본어과,시청각일본어,102,이신혜,1,전공과정,3,금 14:00 - 14:50 ( 본508 )  금 15:00 - 15:50 ( 본508 )  금 16:00 - 16:50 ( 본508 )
본과정,일본어과,일본어강독I,101,남득현,1,전공과정,3,월 14:00 - 14:50 ( 본709 )  월 15:00 - 15:50 ( 본709 )  월 16:00 - 16:50 ( 본709 )
본과정,일본어과,일본어강독I,102,남득현,1,전공과정,3,화 14:00 - 14:50 ( 본709 )  화 15:00 - 15:50 ( 본709 )  화 16:00 - 16:50 ( 본709 )
본과정,일본어과,일본어입문,101,오황선,1,전공과정,3,월 10:00 - 10:50 ( 본704 )  월 11:00 - 11:50 ( 본704 )  월 12:00 - 12:50 ( 본704 )
본과정,일본어과,일본어입문,102,이미정,1,전공과정,3,목 10:00 - 10:50 ( 본705 )  목 11:00 - 11:50 ( 본705 )  목 12:00 - 12:50 ( 본705 )
본과정,일본어과,일본어입문,103,이미정,1,전공과정,3,목 14:00 - 14:50 ( 본705 )  목 15:00 - 15:50 ( 본705 )  목 16:00 - 16:50 ( 본705 )
본과정,일본어과,일본어작문I,101,이미령,1,전공과정,3,화 14:00 - 14:50 ( 본704 )  화 15:00 - 15:50 ( 본704 )  화 16:00 - 16:50 ( 본704 )
본과정,일본어과,일본어작문I,102,이용미,1,전공과정,3,월 10:00 - 11:25 ( 본705 )  수 10:00 - 11:25 ( 본705 )
본과정,일본어과,일본어작문I,103,이용미,1,전공과정,3,월 11:25 - 12:50 ( 본705 )  수 11:25 - 12:50 ( 본705 )
본과정,일본어과,기초JLPT,101,남득현,2,전공과정,3,수 14:00 - 14:50 ( 본709 )  수 15:00 - 15:50 ( 본709 )  수 16:00 - 16:50 ( 본709 )
본과정,일본어과,기초JLPT,102,남득현,2,전공과정,3,수 10:00 - 10:50 ( 본709 )  수 11:00 - 11:50 ( 본709 )  수 12:00 - 12:50 ( 본709 )
본과정,일본어과,미디어일본어,101,이신혜,2,전공과정,3,화 14:00 - 14:50 ( 본508 )  화 15:00 - 15:50 ( 본508 )  화 16:00 - 16:50 ( 본508 )
본과정,일본어과,미디어일본어,102,이신혜,2,전공과정,3,금 10:00 - 10:50 ( 본508 )  금 11:00 - 11:50 ( 본508 )  금 12:00 - 12:50 ( 본508 )
본과정,일본어과,비즈니스일본어,101,오황선,2,전공과정,3,수 10:00 - 10:50 ( 본704 )  수 11:00 - 11:50 ( 본704 )  수 12:00 - 12:50 ( 본704 )
본과정,일본어과,비즈니스일본어,102,오황선,2,전공과정,3,목 10:00 - 10:50 ( 본704 )  목 11:00 - 11:50 ( 본704 )  목 12:00 - 12:50 ( 본704 )
본과정,일본어과,일본어원서독해,101,이용미,2,전공과정,3,월 14:00 - 14:50 ( 본705 )  월 15:00 - 15:50 ( 본705 )  월 16:00 - 16:50 ( 본705 )
본과정,일본어과,일본어원서독해,102,이용미,2,전공과정,3,화 14:00 - 14:50 ( 본705 )  화 15:00 - 15:50 ( 본705 )  화 16:00 - 16:50 ( 본705 )
본과정,일본어과,중급일본어회화,101,조우림,2,전공과정,3,월 10:00 - 10:50 ( 본508 )  월 11:00 - 11:50 ( 본508 )  월 12:00 - 12:50 ( 본508 )
본과정,일본어과,중급일본어회화,102,조우림,2,전공과정,3,월 14:00 - 14:50 ( 본508 )  월 15:00 - 15:50 ( 본508 )  월 16:00 - 16:50 ( 본508 )
본과정,문예창작과,문예창작,101,이병일,1,전공과정,3,목 10:00 - 10:50 ( 예903 )  목 11:00 - 11:50 ( 예903 )  목 12:00 - 12:50 ( 예903 )
본과정,문예창작과,문예창작,102,이병일,1,전공과정,3,월 10:00 - 10:50 ( 예903 )  월 11:00 - 11:50 ( 예903 )  월 12:00 - 12:50 ( 예903 )
본과정,문예창작과,소설의이해및분석,101,조대한,1,전공과정,3,수 14:00 - 14:50 ( 예905 )  수 15:00 - 15:50 ( 예905 )  수 16:00 - 16:50 ( 예905 )
본과정,문예창작과,소설의이해및분석,102,한혜경,1,전공과정,3,화 13:25 - 14:25 ( 예903 )  화 14:25 - 15:25 ( 예903 )  화 15:25 - 16:25 ( 예903 )
본과정,문예창작과,소설창작론,101,이병일,1,전공과정,3,화 14:00 - 14:50 ( 예904 )  화 15:00 - 15:50 ( 예904 )  화 16:00 - 16:50 ( 예904 )
본과정,문예창작과,소설창작론,102,이병일,1,전공과정,3,화 10:00 - 10:50 ( 예904 )  화 11:00 - 11:50 ( 예904 )  화 12:00 - 12:50 ( 예904 )
본과정,문예창작과,시론,101,신철규,1,전공과정,3,월 14:00 - 14:50 ( 예903 )  월 15:00 - 15:50 ( 예903 )  월 16:00 - 16:50 ( 예903 )
본과정,문예창작과,시론,102,신철규,1,전공과정,3,수 10:00 - 10:50 ( 예903 )  수 11:00 - 11:50 ( 예903 )  수 12:00 - 12:50 ( 예903 )
본과정,문예창작과,의사소통과글쓰기,101,이병일,1,교양과정,2,목 14:00 - 14:50 ( 예905 )  목 15:00 - 15:50 ( 예905 )
본과정,문예창작과,의사소통과글쓰기,102,이병일,1,교양과정,2,목 11:00 - 11:50 ( 예905 )  목 12:00 - 12:50 ( 예905 )
본과정,문예창작과,희곡론,101,김혜진,1,전공과정,3,월 10:00 - 10:50 ( 예905 )  월 11:00 - 11:50 ( 예905 )  월 12:00 - 12:50 ( 예905 )
본과정,문예창작과,희곡론,102,전성희,1,전공과정,3,수 14:00 - 14:50 ( 예903 )  수 15:00 - 15:50 ( 예903 )  수 16:00 - 16:50 ( 예903 )
본과정,문예창작과,독서교육방법실습,101,안정,2,전공과정,3,화 10:00 - 10:50 ( 예905 )  화 11:00 - 11:50 ( 예905 )  화 12:00 - 12:50 ( 예905 )
본과정,문예창작과,독서교육방법실습,102,안정,2,전공과정,3,화 13:25 - 14:25 ( 예905 )  화 14:25 - 15:25 ( 예905 )  화 15:25 - 16:25 ( 예905 )
본과정,문예창작과,소설창작일반,101,최정나,2,전공과정,3,월 10:00 - 10:50 ( 예904 )  월 11:00 - 11:50 ( 예904 )  월 12:00 - 12:50 ( 예904 )
본과정,문예창작과,소설창작일반,102,최정나,2,전공과정,3,월 14:00 - 14:50 ( 예904 )  월 15:00 - 15:50 ( 예904 )  월 16:00 - 16:50 ( 예904 )
본과정,문예창작과,시나리오창작,101,김윤정,2,전공과정,3,수 10:00 - 10:50 ( 예904 )  수 11:00 - 11:50 ( 예904 )  수 12:00 - 12:50 ( 예904 )
본과정,문예창작과,시나리오창작,102,김윤정,2,전공과정,3,수 14:00 - 14:50 ( 예904 )  수 15:00 - 15:50 ( 예904 )  수 16:00 - 16:50 ( 예904 )
본과정,문예창작과,시창작일반,101,권창섭,2,전공과정,3,목 14:00 - 14:50 ( 예904 )  목 15:00 - 15:50 ( 예904 )  목 16:00 - 16:50 ( 예904 )
본과정,문예창작과,시창작일반,102,권창섭,2,전공과정,3,목 10:00 - 10:50 ( 예904 )  목 11:00 - 11:50 ( 예904 )  목 12:00 - 12:50 ( 예904 )
본과정,문예창작과,유연한사고를위한독서,101,이병일,2,교양과정,2,화 13:25 - 14:25 ( 예901 )  화 14:25 - 15:25 ( 예901 )
본과정,문예창작과,유연한사고를위한독서,102,이병일,2,교양과정,2,화 11:00 - 11:50 ( 예901 )  화 12:00 - 12:50 ( 예901 )
본과정,문예창작과,편집실무캡스톤디자인,101,양진호,2,전공과정,3,수 14:00 - 14:50 ( 예901 )  수 15:00 - 15:50 ( 예901 )  수 16:00 - 16:50 ( 예901 )
본과정,문예창작과,편집실무캡스톤디자인,102,양진호,2,전공과정,3,수 10:00 - 10:50 ( 예901 )  수 11:00 - 11:50 ( 예901 )  수 12:00 - 12:50 ( 예901 )
본과정,문예창작과,현대문학과AI인문학,101,이병일,2,전공과정,3,월 14:00 - 14:50 ( 예901 )  월 15:00 - 15:50 ( 예901 )  월 16:00 - 16:50 ( 예901 )
본과정,문예창작과,현대문학과AI인문학,102,이병일,2,전공과정,3,월 10:00 - 10:50 ( 예901 )  월 11:00 - 11:50 ( 예901 )  월 12:00 - 12:50 ( 예901 )
본과정,유아교육학과,교육철학및교육사,101,방진하,1,교직(전공)과정,2,목 16:00 - 16:50 ( 교502 )  목 17:00 - 17:50 ( 교502 )
본과정,유아교육학과,교육철학및교육사,102,방진하,1,교직(전공)과정,2,목 11:25 - 12:25 ( 교502 )  목 12:25 - 13:25 ( 교502 )
본과정,유아교육학과,교육철학및교육사,103,방진하,1,교직(전공)과정,2,목 14:00 - 14:50 ( 교502 )  목 15:00 - 15:50 ( 교502 )
본과정,유아교육학과,교육학개론,102,안재희,1,교직(전공)과정,2,목 14:00 - 14:50 ( 교501 )  목 15:00 - 15:50 ( 교501 )
본과정,유아교육학과,교육학개론,103,안재희,1,교직(전공)과정,2,목 16:00 - 16:50 ( 교501 )  목 17:00 - 17:50 ( 교501 )
본과정,유아교육학과,교육학개론,104,안재희,1,교직(전공)과정,2,목 11:00 - 11:50 ( 교501 )  목 12:00 - 12:50 ( 교501 )
본과정,유아교육학과,교직인성과공감능력,101,고경희,1,교양과정,2,금 10:00 - 10:50 ( 교502 )  금 11:00 - 11:50 ( 교502 )
본과정,유아교육학과,교직인성과공감능력,102,고경희,1,교양과정,2,금 12:00 - 12:50 ( 교502 )  금 13:00 - 13:50 ( 교502 )
본과정,유아교육학과,교직인성과공감능력,103,정은숙,1,교양과정,2,금 10:00 - 10:50 ( 교501 )  금 11:00 - 11:50 ( 교501 )
본과정,유아교육학과,보육교사(인성)론,101,유한나,1,전공과정,3,화 14:00 - 14:50 ( 교501 )  화 15:00 - 15:50 ( 교501 )  화 16:00 - 16:50 ( 교501 )
본과정,유아교육학과,보육교사(인성)론,102,양미현,1,전공과정,3,화 15:00 - 15:50 ( 교502 )  화 16:00 - 16:50 ( 교502 )  화 17:00 - 17:50 ( 교502 )
본과정,유아교육학과,보육교사(인성)론,103,양미현,1,전공과정,3,화 12:00 - 12:50 ( 교502 )  화 13:00 - 13:50 ( 교502 )  화 14:00 - 14:50 ( 교502 )
본과정,유아교육학과,아동생활지도,101,박정선,1,전공과정,3,화 10:00 - 10:50 ( 교501 )  화 11:00 - 11:50 ( 교501 )  화 12:00 - 12:50 ( 교501 )
본과정,유아교육학과,아동생활지도,102,박정선,1,전공과정,3,수 10:00 - 10:50 ( 교501 )  수 11:00 - 11:50 ( 교501 )  수 12:00 - 12:50 ( 교501 )
본과정,유아교육학과,아동생활지도,103,권수현,1,전공과정,3,월 10:00 - 10:50 ( 교302 )  월 11:00 - 11:50 ( 교302 )  월 12:00 - 12:50 ( 교302 )
본과정,유아교육학과,유아교육개론,101,권수현,1,전공과정,3,월 10:00 - 10:50 ( 교501 )  월 11:00 - 11:50 ( 교501 )  월 12:00 - 12:50 ( 교501 )
본과정,유아교육학과,유아교육개론,102,권수현,1,전공과정,3,월 14:00 - 14:50 ( 교501 )  월 15:00 - 15:50 ( 교501 )  월 16:00 - 16:50 ( 교501 )
본과정,유아교육학과,유아교육개론,103,손혜진,1,전공과정,3,화 15:00 - 15:50 ( 교302 )  화 16:00 - 16:50 ( 교302 )  화 17:00 - 17:50 ( 교302 )
본과정,유아교육학과,유아교육현장이해,101,권수현,1,전공과정,3,목 10:00 - 10:50 ( 교302 )  목 11:00 - 11:50 ( 교302 )  목 12:00 - 12:50 ( 교302 )
본과정,유아교육학과,유아교육현장이해,102,권수현,1,전공과정,3,화 10:00 - 10:50 ( 교302 )  화 11:00 - 11:50 ( 교302 )  화 12:00 - 12:50 ( 교302 )
본과정,유아교육학과,유아교육현장이해,103,권수현,1,전공과정,3,수 10:00 - 10:50 ( 교302 )  수 11:00 - 11:50 ( 교302 )  수 12:00 - 12:50 ( 교302 )
본과정,유아교육학과,교육방법및교육공학,101,류은진,2,교직(전공)과정,3,월 14:00 - 14:50 ( 교502 )  월 15:00 - 15:50 ( 교502 )  월 16:00 - 16:50 ( 교502 )
본과정,유아교육학과,교육방법및교육공학,102,류은진,2,교직(전공)과정,3,화 10:00 - 10:50 ( 교502 )  화 11:00 - 11:50 ( 교502 )  화 12:00 - 12:50 ( 교502 )
본과정,유아교육학과,놀이지도,101,김준희,2,전공과정,3,목 13:00 - 13:50 ( 교402 )  목 14:00 - 14:50 ( 교402 )  목 15:00 - 15:50 ( 교402 )
본과정,유아교육학과,놀이지도,102,김준희,2,전공과정,3,목 09:25 - 10:25 ( 교402 )  목 10:25 - 11:25 ( 교402 )  목 11:25 - 12:25 ( 교402 )
본과정,유아교육학과,보육과정,101,정은숙,2,전공과정,3,월 10:00 - 10:50 ( 교306 )  월 11:00 - 11:50 ( 교306 )  월 12:00 - 12:50 ( 교306 )
본과정,유아교육학과,보육과정,102,정은숙,2,전공과정,3,월 14:00 - 14:50 ( 교306 )  월 15:00 - 15:50 ( 교306 )  월 16:00 - 16:50 ( 교306 )
본과정,유아교육학과,유아동작교육,101,손혜진,2,전공과정,2,수 10:00 - 10:50 ( 교306 )  수 11:00 - 11:50 ( 교306 )
본과정,유아교육학과,유아동작교육,102,손혜진,2,전공과정,2,수 12:00 - 12:50 ( 교306 )  수 13:00 - 13:50 ( 교306 )
본과정,유아교육학과,유아수학교육,101,조성웅,2,전공과정,3,화 14:00 - 14:50 ( 교306 )  화 15:00 - 15:50 ( 교306 )  화 16:00 - 16:50 ( 교306 )
본과정,유아교육학과,유아수학교육,102,조성웅,2,전공과정,3,화 10:00 - 10:50 ( 교306 )  화 11:00 - 11:50 ( 교306 )  화 12:00 - 12:50 ( 교306 )
본과정,유아교육학과,특수교육학개론,101,이지효,2,교직(전공)과정,2,목 16:00 - 16:50 ( 교503 )  목 17:00 - 17:50 ( 교503 )
본과정,유아교육학과,특수교육학개론,102,이지효,2,교직(전공)과정,2,목 14:00 - 14:50 ( 교503 )  목 15:00 - 15:50 ( 교503 )
본과정,유아교육학과,교육봉사활동,101,권수현,3,교직(전공)과정,2, 
본과정,유아교육학과,교육봉사활동,102,권수현,3,교직(전공)과정,2, 
본과정,유아교육학과,교직인성과대인관계,102,성선재,3,교양과정,2,원격시험 배정시간  금 16:00 - 16:50 ( 교306 )  금 17:00 - 17:50 ( 교306 )
본과정,유아교육학과,보육실습,101,고경희,3,전공과정,3,목 10:00 - 10:50 ( 교306 )  목 11:00 - 11:50 ( 교306 )  목 12:00 - 12:50 ( 교306 )
본과정,유아교육학과,보육실습,102,양미현,3,전공과정,3,목 15:00 - 15:50 ( 교306 )  목 16:00 - 16:50 ( 교306 )  목 17:00 - 17:50 ( 교306 )
본과정,유아교육학과,아동건강교육,101,김난실,3,전공과정,3,화 10:00 - 10:50 ( 교503 )  화 11:00 - 11:50 ( 교503 )  화 12:00 - 12:50 ( 교503 )
본과정,유아교육학과,아동건강교육,102,김난실,3,전공과정,3,수 10:00 - 10:50 ( 교503 )  수 11:00 - 11:50 ( 교503 )  수 12:00 - 12:50 ( 교503 )
본과정,유아교육학과,아동관찰및행동연구,101,김민경,3,전공과정,3,월 14:00 - 14:50 ( 교503 )  월 15:00 - 15:50 ( 교503 )  월 16:00 - 16:50 ( 교503 )
본과정,유아교육학과,아동관찰및행동연구,102,김민경,3,전공과정,3,월 10:00 - 10:50 ( 교503 )  월 11:00 - 11:50 ( 교503 )  월 12:00 - 12:50 ( 교503 )
본과정,유아교육학과,영유아사회정서지도,101,유한나,3,전공과정,3,수 10:00 - 10:50 ( 교502 )  수 11:00 - 11:50 ( 교502 )  수 12:00 - 12:50 ( 교502 )
본과정,유아교육학과,영유아사회정서지도,102,유한나,3,전공과정,3,수 14:00 - 14:50 ( 교502 )  수 15:00 - 15:50 ( 교502 )  수 16:00 - 16:50 ( 교502 )
본과정,유아교육학과,유아과학교육,101,이주영,3,전공과정,3,금 10:00 - 10:50 ( 교306 )  금 11:00 - 11:50 ( 교306 )  금 12:00 - 12:50 ( 교306 )
본과정,유아교육학과,유아과학교육,102,이주영,3,전공과정,3,금 14:00 - 14:50 ( 교306 )  금 15:00 - 15:50 ( 교306 )  금 16:00 - 16:50 ( 교306 )
본과정,유아교육학과,유아교과교육론,101,김준희,3,전공과정,3,월 10:00 - 10:50 ( 교402 )  월 11:00 - 11:50 ( 교402 )  월 12:00 - 12:50 ( 교402 )
본과정,유아교육학과,유아교과교육론,102,김준희,3,전공과정,3,화 10:00 - 10:50 ( 교402 )  화 11:00 - 11:50 ( 교402 )  화 12:00 - 12:50 ( 교402 )
본과정,청소년교육상담과,교육복지전문가의직업윤리,101,이은주,1,교양과정,2,화 11:00 - 11:50 ( 사613 )  화 12:00 - 12:50 ( 사613 )
본과정,청소년교육상담과,교육복지전문가의직업윤리,102,이은주,1,교양과정,2,목 14:00 - 14:50 ( 사613 )  목 15:00 - 15:50 ( 사613 )
본과정,청소년교육상담과,교육복지전문가의직업윤리,103,이은주,1,교양과정,2,화 15:00 - 15:50 ( 사613 )  화 16:00 - 16:50 ( 사613 )
본과정,청소년교육상담과,성인학습및상담,101,이은정,1,전공과정,3,수 10:00 - 10:50 ( 사610 )  수 11:00 - 11:50 ( 사610 )  수 12:00 - 12:50 ( 사610 )
본과정,청소년교육상담과,성인학습및상담,102,이은정,1,전공과정,3,화 15:00 - 15:50 ( 사601 )  화 16:00 - 16:50 ( 사601 )  화 17:00 - 17:50 ( 사601 )
본과정,청소년교육상담과,성인학습및상담,103,이은정,1,전공과정,3,수 14:00 - 14:50 ( 사610 )  수 15:00 - 15:50 ( 사610 )  수 16:00 - 16:50 ( 사610 )
본과정,청소년교육상담과,청소년교육론,101,오승근,1,전공과정,3,목 10:00 - 10:50 ( 사612 )  목 11:00 - 11:50 ( 사612 )  목 12:00 - 12:50 ( 사612 )
본과정,청소년교육상담과,청소년교육론,102,오승근,1,전공과정,3,화 10:00 - 10:50 ( 사612 )  화 11:00 - 11:50 ( 사612 )  화 12:00 - 12:50 ( 사612 )
본과정,청소년교육상담과,청소년교육론,103,오승근,1,전공과정,3,월 10:00 - 10:50 ( 사612 )  월 11:00 - 11:50 ( 사612 )  월 12:00 - 12:50 ( 사612 )
본과정,청소년교육상담과,청소년심리및상담,101,조안나,1,전공과정,3,화 15:00 - 15:50 ( 사609 )  화 16:00 - 16:50 ( 사609 )  화 17:00 - 17:50 ( 사609 )
본과정,청소년교육상담과,청소년심리및상담,102,조안나,1,전공과정,3,수 14:00 - 14:50 ( 사609 )  수 15:00 - 15:50 ( 사609 )  수 16:00 - 16:50 ( 사609 )
본과정,청소년교육상담과,청소년심리및상담,103,김선경,1,전공과정,3,목 10:00 - 10:50 ( 사610 )  목 11:00 - 11:50 ( 사610 )  목 12:00 - 12:50 ( 사610 )
본과정,청소년교육상담과,청소년여가레크리에이션지도,101,,1,전공과정,3,목 14:00 - 14:50 ( 사609 )  목 15:00 - 15:50 ( 사609 )  목 16:00 - 16:50 ( 사609 )
본과정,청소년교육상담과,청소년여가레크리에이션지도,102,,1,전공과정,3,월 10:00 - 10:50 ( 사609 )  월 11:00 - 11:50 ( 사609 )  월 12:00 - 12:50 ( 사609 )
본과정,청소년교육상담과,청소년여가레크리에이션지도,103,,1,전공과정,3,월 14:00 - 14:50 ( 사609 )  월 15:00 - 15:50 ( 사609 )  월 16:00 - 16:50 ( 사609 )
본과정,청소년교육상담과,청소년활동,101,김기남,1,전공과정,3,월 10:00 - 10:50 ( 사613 )  월 11:00 - 11:50 ( 사613 )  월 12:00 - 12:50 ( 사613 )
본과정,청소년교육상담과,청소년활동,102,김기남,1,전공과정,3,월 14:00 - 14:50 ( 사613 )  월 15:00 - 15:50 ( 사613 )  월 16:00 - 16:50 ( 사613 )
본과정,청소년교육상담과,청소년활동,103,조미영,1,전공과정,3,화 10:00 - 10:50 ( 사602 )  화 11:00 - 11:50 ( 사602 )  화 12:00 - 12:50 ( 사602 )
본과정,청소년교육상담과,평생교육론,101,이은주,1,전공과정,3,수 14:00 - 14:50 ( 사613 )  수 15:00 - 15:50 ( 사613 )  수 16:00 - 16:50 ( 사613 )
본과정,청소년교육상담과,평생교육론,102,이은주,1,전공과정,3,목 10:00 - 10:50 ( 사613 )  목 11:00 - 11:50 ( 사613 )  목 12:00 - 12:50 ( 사613 )
본과정,청소년교육상담과,평생교육론,103,이은주,1,전공과정,3,수 10:00 - 10:50 ( 사613 )  수 11:00 - 11:50 ( 사613 )  수 12:00 - 12:50 ( 사613 )
본과정,청소년교육상담과,상담이론,101,김지민,2,전공과정,3,수 10:00 - 10:50 ( 사601 )  수 11:00 - 11:50 ( 사601 )  수 12:00 - 12:50 ( 사601 )
본과정,청소년교육상담과,상담이론,801,김지민,2,전공과정,3,수 14:00 - 14:50 ( 사601 )  수 15:00 - 15:50 ( 사601 )  수 16:00 - 16:50 ( 사601 )
본과정,청소년교육상담과,상담이론,802,김지민,2,전공과정,3,목 10:00 - 10:50 ( 사601 )  목 11:00 - 11:50 ( 사601 )  목 12:00 - 12:50 ( 사601 )
본과정,청소년교육상담과,여성교육론,101,김선희,2,전공과정,3,월 14:00 - 14:50 ( 사610 )  월 15:00 - 15:50 ( 사610 )  월 16:00 - 16:50 ( 사610 )
본과정,청소년교육상담과,여성교육론,801,김선희,2,전공과정,3,월 10:00 - 10:50 ( 사610 )  월 11:00 - 11:50 ( 사610 )  월 12:00 - 12:50 ( 사610 )
본과정,청소년교육상담과,여성교육론,802,김선희,2,전공과정,3,화 15:00 - 15:50 ( 사610 )  화 16:00 - 16:50 ( 사610 )  화 17:00 - 17:50 ( 사610 )
본과정,청소년교육상담과,청소년육성제도론,101,김지수,2,전공과정,3,화 15:00 - 15:50 ( 사602 )  화 16:00 - 16:50 ( 사602 )  화 17:00 - 17:50 ( 사602 )
본과정,청소년교육상담과,청소년육성제도론,801,김지수,2,전공과정,3,수 10:00 - 10:50 ( 사602 )  수 11:00 - 11:50 ( 사602 )  수 12:00 - 12:50 ( 사602 )
본과정,청소년교육상담과,청소년육성제도론,802,김지수,2,전공과정,3,수 14:00 - 14:50 ( 사602 )  수 15:00 - 15:50 ( 사602 )  수 16:00 - 16:50 ( 사602 )
본과정,청소년교육상담과,청소년프로그램개발과평가,101,조미영,2,전공과정,3,목 14:00 - 14:50 ( 사602 )  목 15:00 - 15:50 ( 사602 )  목 16:00 - 16:50 ( 사602 )
본과정,청소년교육상담과,청소년프로그램개발과평가,801,조미영,2,전공과정,3,목 10:00 - 10:50 ( 사602 )  목 11:00 - 11:50 ( 사602 )  목 12:00 - 12:50 ( 사602 )
본과정,청소년교육상담과,청소년프로그램개발과평가,802,조미영,2,전공과정,3,수 10:00 - 10:50 ( 사612 )  수 11:00 - 11:50 ( 사612 )  수 12:00 - 12:50 ( 사612 )
본과정,청소년교육상담과,평생교육경영론,101,조미란,2,전공과정,3,월 10:00 - 10:50 ( 사601 )  월 11:00 - 11:50 ( 사601 )  월 12:00 - 12:50 ( 사601 )
본과정,청소년교육상담과,평생교육경영론,801,류채연,2,전공과정,3,목 14:00 - 14:50 ( 사601 )  목 15:00 - 15:50 ( 사601 )  목 16:00 - 16:50 ( 사601 )
본과정,청소년교육상담과,평생교육경영론,802,조미란,2,전공과정,3,월 14:00 - 14:50 ( 사601 )  월 15:00 - 15:50 ( 사601 )  월 16:00 - 16:50 ( 사601 )
본과정,청소년교육상담과,평생교육방법론,101,류채연,2,전공과정,3,목 10:00 - 10:50 ( 사B206 )  목 11:00 - 11:50 ( 사B206 )  목 12:00 - 12:50 ( 사B206 )
본과정,청소년교육상담과,평생교육방법론,801,최윤주,2,전공과정,3,월 14:00 - 14:50 ( 사602 )  월 15:00 - 15:50 ( 사602 )  월 16:00 - 16:50 ( 사602 )
본과정,청소년교육상담과,평생교육방법론,802,최윤주,2,전공과정,3,월 10:00 - 10:50 ( 사602 )  월 11:00 - 11:50 ( 사602 )  월 12:00 - 12:50 ( 사602 )
본과정,산업디자인학과,2D컴퓨터그래픽,101,권일웅,1,전공과정,2,수 14:00 - 14:50 ( 예501 )  수 15:00 - 15:50 ( 예501 )
본과정,산업디자인학과,2D컴퓨터그래픽,102,문수현,1,전공과정,2,월 14:00 - 14:50 ( 예501 )  월 15:00 - 15:50 ( 예501 )
본과정,산업디자인학과,2D컴퓨터그래픽,103,문수현,1,전공과정,2,월 12:00 - 12:50 ( 예501 )  월 13:00 - 13:50 ( 예501 )
본과정,산업디자인학과,기초공간디자인,101,나혜영,1,전공과정,3,화 14:00 - 14:50 ( 예504 )  화 15:00 - 15:50 ( 예504 )  화 16:00 - 16:50 ( 예504 )
본과정,산업디자인학과,기초공간디자인,102,하지혜,1,전공과정,3,목 10:00 - 10:50 ( 예504 )  목 11:00 - 11:50 ( 예504 )  목 12:00 - 12:50 ( 예504 )
본과정,산업디자인학과,기초공간디자인,103,김형자,1,전공과정,3,목 14:00 - 14:50 ( 예606 )  목 15:00 - 15:50 ( 예606 )  목 16:00 - 16:50 ( 예606 )
본과정,산업디자인학과,기초공간표현기법,101,김철중,1,전공과정,2,화 11:00 - 11:50 ( 예504 )  화 12:00 - 12:50 ( 예504 )
본과정,산업디자인학과,기초공간표현기법,102,권일웅,1,전공과정,2,수 09:00 - 09:50 ( 예504 )  수 10:00 - 10:50 ( 예504 )
본과정,산업디자인학과,기초공간표현기법,103,권일웅,1,전공과정,2,수 11:00 - 11:50 ( 예504 )  수 12:00 - 12:50 ( 예504 )
본과정,산업디자인학과,기초산업디자인,101,민규홍,1,전공과정,3,수 10:00 - 10:50 ( 예605 )  수 11:00 - 11:50 ( 예605 )  수 12:00 - 12:50 ( 예605 )
본과정,산업디자인학과,기초산업디자인,103,조소연,1,전공과정,3,월 10:00 - 10:50 ( 예606 )  월 11:00 - 11:50 ( 예606 )  월 12:00 - 12:50 ( 예606 )
본과정,산업디자인학과,기초산업디자인,104,조소연,1,전공과정,3,화 10:00 - 10:50 ( 예505 )  화 11:00 - 11:50 ( 예505 )  화 12:00 - 12:50 ( 예505 )
본과정,산업디자인학과,기초제품표현기법,101,천창호,1,전공과정,2,월 11:00 - 11:50 ( 예504 )  월 12:00 - 12:50 ( 예504 )
본과정,산업디자인학과,기초제품표현기법,102,천창호,1,전공과정,2,월 16:00 - 16:50 ( 예504 )  월 17:00 - 17:50 ( 예504 )
본과정,산업디자인학과,기초제품표현기법,103,천창호,1,전공과정,2,월 09:00 - 09:50 ( 예504 )  월 10:00 - 10:50 ( 예504 )
본과정,산업디자인학과,디자인트렌드,102,조소연,1,전공과정,2,월 14:00 - 14:50 ( 예606 )  월 15:00 - 15:50 ( 예606 )
본과정,산업디자인학과,디자인트렌드,103,최명진,1,전공과정,2,수 11:00 - 11:50 ( 예105 )  수 12:00 - 12:50 ( 예105 )
본과정,산업디자인학과,디자인트렌드,104,최명진,1,전공과정,2,수 14:00 - 14:50 ( 예105 )  수 15:00 - 15:50 ( 예105 )
본과정,산업디자인학과,입체조형,101,하지혜,1,전공과정,3,목 14:00 - 14:50 ( 예504 )  목 15:00 - 15:50 ( 예504 )  목 16:00 - 16:50 ( 예504 )
본과정,산업디자인학과,입체조형,102,윤성문,1,전공과정,3,화 14:00 - 14:50 ( 예505 )  화 15:00 - 15:50 ( 예505 )  화 16:00 - 16:50 ( 예505 )
본과정,산업디자인학과,입체조형,103,이현,1,전공과정,3,목 10:00 - 10:50 ( 예504 )  목 11:00 - 11:50 ( 예504 )  목 12:00 - 12:50 ( 예504 )
본과정,산업디자인학과,3D컴퓨터그래픽II,101,,2,전공과정,2,수 09:00 - 09:50 ( 예503 )  수 10:00 - 10:50 ( 예503 )
본과정,산업디자인학과,3D컴퓨터그래픽II,102,,2,전공과정,2,수 11:00 - 11:50 ( 예503 )  수 12:00 - 12:50 ( 예503 )
본과정,산업디자인학과,3D컴퓨터그래픽II,103,,2,전공과정,2,수 10:00 - 10:50 ( 예501 )  수 11:00 - 11:50 ( 예501 )
본과정,산업디자인학과,3D컴퓨터그래픽II,104,,2,전공과정,2,수 12:00 - 12:50 ( 예501 )  수 13:00 - 13:50 ( 예501 )
본과정,산업디자인학과,공간디자인II,101,하지혜,2,전공과정,3,화 14:00 - 14:50 ( 예606 )  화 15:00 - 15:50 ( 예606 )  화 16:00 - 16:50 ( 예606 )
본과정,산업디자인학과,공간디자인II,102,하지혜,2,전공과정,3,수 14:00 - 14:50 ( 예606 )  수 15:00 - 15:50 ( 예606 )  수 16:00 - 16:50 ( 예606 )
본과정,산업디자인학과,공공디자인프로젝트,101,김철중,2,전공과정,3,목 10:00 - 10:50 ( 예605 )  목 11:00 - 11:50 ( 예605 )  목 12:00 - 12:50 ( 예605 )
본과정,산업디자인학과,공공디자인프로젝트,102,김철중,2,전공과정,3,목 14:00 - 14:50 ( 예605 )  목 15:00 - 15:50 ( 예605 )  목 16:00 - 16:50 ( 예605 )
본과정,산업디자인학과,공공디자인프로젝트,103,황용훈,2,전공과정,3,월 14:00 - 14:50 ( 예605 )  월 15:00 - 15:50 ( 예605 )  월 16:00 - 16:50 ( 예605 )
본과정,산업디자인학과,공공디자인프로젝트,104,황용훈,2,전공과정,3,월 10:00 - 10:50 ( 예605 )  월 11:00 - 11:50 ( 예605 )  월 12:00 - 12:50 ( 예605 )
본과정,산업디자인학과,디지털모델링,101,이경자,2,전공과정,2,월 14:00 - 14:50 ( 예503 )  월 15:00 - 15:50 ( 예503 )
본과정,산업디자인학과,디지털모델링,102,이경자,2,전공과정,2,월 16:00 - 16:50 ( 예503 )  월 17:00 - 17:50 ( 예503 )
본과정,산업디자인학과,디지털모델링,103,황용훈,2,전공과정,2,목 13:00 - 13:50 ( 예501 )  목 14:00 - 14:50 ( 예501 )
본과정,산업디자인학과,디지털모델링,104,황용훈,2,전공과정,2,목 15:00 - 15:50 ( 예501 )  목 16:00 - 16:50 ( 예501 )
본과정,산업디자인학과,리빙디자인,101,민규홍,2,전공과정,3,수 14:00 - 14:50 ( 예605 )  수 15:00 - 15:50 ( 예605 )  수 16:00 - 16:50 ( 예605 )
본과정,산업디자인학과,리빙디자인,102,민규홍,2,전공과정,3,화 10:00 - 10:50 ( 예605 )  화 11:00 - 11:50 ( 예605 )  화 12:00 - 12:50 ( 예605 )
본과정,산업디자인학과,사진과디자인실무,101,,2,전공과정,2,화 11:00 - 11:50 ( 예105 )  화 12:00 - 12:50 ( 예105 )
본과정,산업디자인학과,사진과디자인실무,102,,2,전공과정,2,화 14:00 - 14:50 ( 예105 )  화 15:00 - 15:50 ( 예105 )
본과정,산업디자인학과,스토리텔링디자인,101,조소연,2,전공과정,2,화 14:00 - 14:50 ( 예604 )  화 15:00 - 15:50 ( 예604 )
본과정,산업디자인학과,스토리텔링디자인,102,조소연,2,전공과정,2,월 16:00 - 16:50 ( 예606 )  월 17:00 - 17:50 ( 예606 )
본과정,산업디자인학과,표현기법II,101,,2,전공과정,2,화 11:00 - 11:50 ( 예501 )  화 12:00 - 12:50 ( 예501 )
본과정,산업디자인학과,표현기법II,102,천창호,2,전공과정,2,월 14:00 - 14:50 ( 예504 )  월 15:00 - 15:50 ( 예504 )
본과정,산업디자인학과,UX디자인Ⅰ캡스톤디자인,101,민규홍,3,전공과정,3,월 14:00 - 14:50 ( 예604 )  월 15:00 - 15:50 ( 예604 )  월 16:00 - 16:50 ( 예604 )
본과정,산업디자인학과,가구디자인,101,,3,전공과정,2,화 09:00 - 09:50 ( 예607 )  화 10:00 - 10:50 ( 예607 )
본과정,산업디자인학과,가구디자인,102,,3,전공과정,2,화 11:00 - 11:50 ( 예607 )  화 12:00 - 12:50 ( 예607 )
본과정,산업디자인학과,가상현실,101,,3,전공과정,2,수 09:00 - 09:50 ( 예503 )  수 10:00 - 10:50 ( 예503 )
본과정,산업디자인학과,가상현실,102,,3,전공과정,2,수 16:00 - 16:50 ( 예503 )  수 17:00 - 17:50 ( 예503 )
본과정,산업디자인학과,가상현실,103,황용훈,3,전공과정,2,목 11:00 - 11:50 ( 예604 )  목 12:00 - 12:50 ( 예604 )
본과정,산업디자인학과,디자인마케팅,101,윤성문,3,전공과정,2,화 12:00 - 12:50 ( 예604 )  화 13:00 - 13:50 ( 예604 )
본과정,산업디자인학과,메타공간디자인Ⅰ캡스톤디자인,101,최명진,3,전공과정,3,목 10:00 - 10:50 ( 예607 )  목 11:00 - 11:50 ( 예607 )  목 12:00 - 12:50 ( 예607 )
본과정,산업디자인학과,메타공간디자인Ⅰ캡스톤디자인,102,최명진,3,전공과정,3,목 14:00 - 14:50 ( 예607 )  목 15:00 - 15:50 ( 예607 )  목 16:00 - 16:50 ( 예607 )
본과정,산업디자인학과,실내디자인실습Ⅰ캡스톤디자인,101,김철중,3,전공과정,3,월 14:00 - 14:50 ( 예607 )  월 15:00 - 15:50 ( 예607 )  월 16:00 - 16:50 ( 예607 )
본과정,산업디자인학과,실내디자인실습Ⅰ캡스톤디자인,102,김철중,3,전공과정,3,화 14:00 - 14:50 ( 예607 )  화 15:00 - 15:50 ( 예607 )  화 16:00 - 16:50 ( 예607 )
본과정,산업디자인학과,제품디자인Ⅰ캡스톤디자인,101,이현,3,전공과정,3,목 14:00 - 14:50 ( 예604 )  목 15:00 - 15:50 ( 예604 )  목 16:00 - 16:50 ( 예604 )
본과정,패션·리빙디자인과,기초디자인,101,김준영,1,전공과정,2,화 15:00 - 15:50 ( 예116 )  화 16:00 - 16:50 ( 예116 )
본과정,패션·리빙디자인과,기초디자인,102,김준영,1,전공과정,2,월 10:00 - 10:50 ( 예116 )  월 11:00 - 11:50 ( 예116 )
본과정,패션·리빙디자인과,기초디자인,103,김준영,1,전공과정,2,월 12:00 - 12:50 ( 예116 )  월 13:00 - 13:50 ( 예116 )
본과정,패션·리빙디자인과,리빙오브제,101,김경령,1,전공과정,3,월 10:00 - 10:50 ( 예B101 )  월 11:00 - 11:50 ( 예B101 )  월 12:00 - 12:50 ( 예B101 )
본과정,패션·리빙디자인과,리빙오브제,102,김경령,1,전공과정,3,월 14:00 - 14:50 ( 예B101 )  월 15:00 - 15:50 ( 예B101 )  월 16:00 - 16:50 ( 예B101 )
본과정,패션·리빙디자인과,리빙오브제,103,김경령,1,전공과정,3,화 10:00 - 10:50 ( 예B101 )  화 11:00 - 11:50 ( 예B101 )  화 12:00 - 12:50 ( 예B101 )
본과정,패션·리빙디자인과,써피스디자인실습,101,곽성희,1,전공과정,3,월 14:00 - 14:50 ( 예116 )  월 15:00 - 15:50 ( 예116 )  화 16:00 - 16:50 ( 예116 )
본과정,패션·리빙디자인과,써피스디자인실습,102,곽성희,1,전공과정,3,화 10:00 - 10:50 ( 예116 )  화 11:00 - 11:50 ( 예116 )  화 12:00 - 12:50 ( 예116 )
본과정,패션·리빙디자인과,써피스디자인실습,103,곽성희,1,전공과정,3,수 14:00 - 14:50 ( 예116 )  수 15:00 - 15:50 ( 예116 )  수 16:00 - 16:50 ( 예116 )
본과정,패션·리빙디자인과,컴퓨터그래픽,101,이해훈,1,전공과정,2,목 14:00 - 14:50 ( 예119 )  목 15:00 - 15:50 ( 예119 )
본과정,패션·리빙디자인과,컴퓨터그래픽,102,이해훈,1,전공과정,2,목 09:00 - 09:50 ( 예119 )  목 10:00 - 10:50 ( 예119 )
본과정,패션·리빙디자인과,컴퓨터그래픽,103,이해훈,1,전공과정,2,목 11:00 - 11:50 ( 예119 )  목 12:00 - 12:50 ( 예119 )
본과정,패션·리빙디자인과,패션디자인론,101,이윤정,1,전공과정,2,수 09:00 - 09:50 ( 예103 )  수 10:00 - 10:50 ( 예103 )
본과정,패션·리빙디자인과,패션디자인론,102,이윤정,1,전공과정,2,수 14:00 - 14:50 ( 예103 )  수 15:00 - 15:50 ( 예103 )
본과정,패션·리빙디자인과,패션디자인론,103,이윤정,1,전공과정,2,수 11:00 - 11:50 ( 예103 )  수 12:00 - 12:50 ( 예103 )
본과정,패션·리빙디자인과,패턴과소잉,101,김경아,1,전공과정,3,목 10:00 - 10:50 ( 예116 )  목 11:00 - 11:50 ( 예116 )  목 12:00 - 12:50 ( 예116 )
본과정,패션·리빙디자인과,패턴과소잉,102,김경아,1,전공과정,3,금 10:00 - 10:50 ( 예116 )  금 11:00 - 11:50 ( 예116 )  금 12:00 - 12:50 ( 예116 )
본과정,패션·리빙디자인과,패턴과소잉,103,김경아,1,전공과정,3,금 14:00 - 14:50 ( 예116 )  금 15:00 - 15:50 ( 예116 )  금 16:00 - 16:50 ( 예116 )
본과정,패션·리빙디자인과,패턴과소잉,104,김경아,1,전공과정,3,목 14:00 - 14:50 ( 예116 )  목 15:00 - 15:50 ( 예116 )  목 16:00 - 16:50 ( 예116 )
본과정,패션·리빙디자인과,3D컴퓨터그래픽,101,김준영,2,전공과정,2,금 09:00 - 09:50 ( 예119 )  금 10:00 - 10:50 ( 예119 )
본과정,패션·리빙디자인과,3D컴퓨터그래픽,102,김준영,2,전공과정,2,금 14:00 - 14:50 ( 예119 )  금 15:00 - 15:50 ( 예119 )
본과정,패션·리빙디자인과,3D컴퓨터그래픽,103,김준영,2,전공과정,2,금 11:00 - 11:50 ( 예119 )  금 12:00 - 12:50 ( 예119 )
본과정,패션·리빙디자인과,AI디자인기획,101,김준영,2,전공과정,3,화 10:00 - 10:50 ( 예B104 )  화 11:00 - 11:50 ( 예B104 )  화 12:00 - 12:50 ( 예B104 )
본과정,패션·리빙디자인과,AI디자인기획,102,김준영,2,전공과정,3,월 14:00 - 14:50 ( 예B104 )  월 15:00 - 15:50 ( 예B104 )  월 16:00 - 16:50 ( 예B104 )
본과정,패션·리빙디자인과,AI디자인기획,103,김준영,2,전공과정,3,수 10:00 - 10:50 ( 예B104 )  수 11:00 - 11:50 ( 예B104 )  수 12:00 - 12:50 ( 예B104 )
본과정,패션·리빙디자인과,리빙스타일링캡스톤디자인,101,김경령,2,전공과정,3,수 14:00 - 14:50 ( 예B102 )  수 15:00 - 15:50 ( 예B102 )  수 16:00 - 16:50 ( 예B102 )
본과정,패션·리빙디자인과,머천다이징캡스톤디자인(S),101,박순희,2,전공과정,3,수 10:00 - 10:50 ( 예104 )  수 11:00 - 11:50 ( 예104 )  수 12:00 - 12:50 ( 예104 )
본과정,패션·리빙디자인과,머천다이징캡스톤디자인(S),102,박순희,2,전공과정,3,월 10:00 - 10:50 ( 예104 )  월 11:00 - 11:50 ( 예104 )  월 12:00 - 12:50 ( 예104 )
본과정,패션·리빙디자인과,머천다이징캡스톤디자인(S),103,박순희,2,전공과정,3,화 10:00 - 10:50 ( 예104 )  화 11:00 - 11:50 ( 예104 )  화 12:00 - 12:50 ( 예104 )
본과정,패션·리빙디자인과,텍스타일디자인,101,김주희,2,전공과정,3,목 14:00 - 14:50 ( 예119 )  목 15:00 - 15:50 ( 예119 )  목 16:00 - 16:50 ( 예119 )
본과정,패션·리빙디자인과,텍스타일디자인,102,김주희,2,전공과정,3,목 10:00 - 10:50 ( 예119 )  목 11:00 - 11:50 ( 예119 )  목 12:00 - 12:50 ( 예119 )
본과정,패션·리빙디자인과,텍스타일디자인,103,김주희,2,전공과정,3,금 14:00 - 14:50 ( 예102 )  금 15:00 - 15:50 ( 예102 )  금 16:00 - 16:50 ( 예102 )
본과정,패션·리빙디자인과,패션디자인실습II,101,권재희,2,전공과정,3,목 10:00 - 10:50 ( 예102 )  목 11:00 - 11:50 ( 예102 )  목 12:00 - 12:50 ( 예102 )
본과정,패션·리빙디자인과,패션디자인실습II,102,권재희,2,전공과정,3,화 10:00 - 10:50 ( 예102 )  화 11:00 - 11:50 ( 예102 )  화 12:00 - 12:50 ( 예102 )
본과정,패션·리빙디자인과,패션디자인실습II,103,권재희,2,전공과정,3,목 14:00 - 14:50 ( 예102 )  목 15:00 - 15:50 ( 예102 )  목 16:00 - 16:50 ( 예102 )
본과정,커뮤니케이션디자인과,레이아웃디자인,101,박세훈,1,전공과정,3,화 14:00 - 14:50 ( 예204 )  화 15:00 - 15:50 ( 예204 )  화 16:00 - 16:50 ( 예204 )
본과정,커뮤니케이션디자인과,레이아웃디자인,102,박세훈,1,전공과정,3,화 10:00 - 10:50 ( 예204 )  화 11:00 - 11:50 ( 예204 )  화 12:00 - 12:50 ( 예204 )
본과정,커뮤니케이션디자인과,영상디자인기초,101,강성남,1,전공과정,3,목 09:00 - 09:50 ( 예218 )  목 10:00 - 10:50 ( 예218 )  목 11:00 - 11:50 ( 예218 )
본과정,커뮤니케이션디자인과,영상디자인기초,102,나재희,1,전공과정,3,목 09:00 - 09:50 ( 예101 )  목 10:00 - 10:50 ( 예101 )  목 11:00 - 11:50 ( 예101 )
본과정,커뮤니케이션디자인과,일러스트레이션,101,강성남,1,전공과정,3,월 14:00 - 14:50 ( 예201 )  월 15:00 - 15:50 ( 예201 )  월 16:00 - 16:50 ( 예201 )
본과정,커뮤니케이션디자인과,일러스트레이션,102,강성남,1,전공과정,3,월 10:00 - 10:50 ( 예201 )  월 11:00 - 11:50 ( 예201 )  월 12:00 - 12:50 ( 예201 )
본과정,커뮤니케이션디자인과,창의적아이디어,101,피종삼,1,교양과정,3,월 10:00 - 10:50 ( 예218 )  월 11:00 - 11:50 ( 예218 )  월 12:00 - 12:50 ( 예218 )
본과정,커뮤니케이션디자인과,창의적아이디어,102,피종삼,1,교양과정,3,월 14:00 - 14:50 ( 예218 )  월 15:00 - 15:50 ( 예218 )  월 16:00 - 16:50 ( 예218 )
본과정,커뮤니케이션디자인과,타이포그라피1,101,이후린,1,전공과정,3,화 14:00 - 14:50 ( 예201 )  화 15:00 - 15:50 ( 예201 )  화 16:00 - 16:50 ( 예201 )
본과정,커뮤니케이션디자인과,타이포그라피1,102,이후린,1,전공과정,3,화 10:00 - 10:50 ( 예201 )  화 11:00 - 11:50 ( 예201 )  화 12:00 - 12:50 ( 예201 )
본과정,커뮤니케이션디자인과,3D디자인,101,<퇴>장예나,2,전공과정,2,목 09:00 - 09:50 ( 예217 )  목 10:00 - 10:50 ( 예217 )  목 11:00 - 11:50 ( 예217 )
본과정,커뮤니케이션디자인과,3D디자인,102,<퇴>장예나,2,전공과정,2,목 14:00 - 14:50 ( 예217 )  목 15:00 - 15:50 ( 예217 )  목 16:00 - 16:50 ( 예217 )
본과정,커뮤니케이션디자인과,AI·UX디자인(산학인턴십),101,강성남,2,전공과정,3,수 10:00 - 10:50 ( 예216 )  수 11:00 - 11:50 ( 예216 )  수 12:00 - 12:50 ( 예216 )
본과정,커뮤니케이션디자인과,AI·UX디자인(산학인턴십),102,강성남,2,전공과정,3,수 14:00 - 14:50 ( 예216 )  수 15:00 - 15:50 ( 예216 )  수 16:00 - 16:50 ( 예216 )
본과정,커뮤니케이션디자인과,UX기획,101,김태경,2,전공과정,3,화 10:00 - 10:50 ( 예217 )  화 11:00 - 11:50 ( 예217 )  화 12:00 - 12:50 ( 예217 )
본과정,커뮤니케이션디자인과,UX기획,102,김태경,2,전공과정,3,화 14:00 - 14:50 ( 예217 )  화 15:00 - 15:50 ( 예217 )  화 16:00 - 16:50 ( 예217 )
본과정,커뮤니케이션디자인과,디자인경영프로젝트,101,김윤,2,전공과정,3,수 10:00 - 10:50 ( 예203 )  수 11:00 - 11:50 ( 예203 )  수 12:00 - 12:50 ( 예203 )
본과정,커뮤니케이션디자인과,디자인경영프로젝트,102,김수영,2,전공과정,3,목 09:00 - 09:50 ( 예202 )  목 10:00 - 10:50 ( 예202 )  목 11:00 - 11:50 ( 예202 )
본과정,커뮤니케이션디자인과,영상연출,101,강성남,2,전공과정,3,화 10:00 - 10:50 ( 예101 )  화 11:00 - 11:50 ( 예101 )  화 12:00 - 12:50 ( 예101 )
본과정,커뮤니케이션디자인과,영상연출,102,강성남,2,전공과정,3,화 14:00 - 14:50 ( 예101 )  화 15:00 - 15:50 ( 예101 )  화 16:00 - 16:50 ( 예101 )
본과정,AI미디어디자인학과,기초모션디자인,101,조동희,1,전공과정,3,월 14:00 - 14:50 ( 예217 )  월 15:00 - 15:50 ( 예217 )  월 16:00 - 16:50 ( 예217 )
본과정,AI미디어디자인학과,기초모션디자인,102,조동희,1,전공과정,3,월 10:00 - 10:50 ( 예217 )  월 11:00 - 11:50 ( 예217 )  월 12:00 - 12:50 ( 예217 )
본과정,AI미디어디자인학과,기초미디어디자인,101,조동희,1,전공과정,3,화 10:00 - 10:50 ( 예218 )  화 11:00 - 11:50 ( 예218 )  화 12:00 - 12:50 ( 예218 )
본과정,AI미디어디자인학과,기초미디어디자인,102,조동희,1,전공과정,3,화 14:00 - 14:50 ( 예218 )  화 15:00 - 15:50 ( 예218 )  화 16:00 - 16:50 ( 예218 )
본과정,AI미디어디자인학과,기초콘텐츠디자인,101,문현정,1,전공과정,3,수 14:00 - 14:50 ( 예217 )  수 15:00 - 15:50 ( 예217 )  수 16:00 - 16:50 ( 예217 )
본과정,AI미디어디자인학과,기초콘텐츠디자인,102,문현정,1,전공과정,3,수 10:00 - 10:50 ( 예217 )  수 11:00 - 11:50 ( 예217 )  수 12:00 - 12:50 ( 예217 )
본과정,AI미디어디자인학과,디지털타이포그라피,101,조동희,1,전공과정,3,화 14:00 - 14:50 ( 예203 )  화 15:00 - 15:50 ( 예203 )  화 16:00 - 16:50 ( 예203 )
본과정,AI미디어디자인학과,디지털타이포그라피,102,조동희,1,전공과정,3,화 10:00 - 10:50 ( 예203 )  화 11:00 - 11:50 ( 예203 )  화 12:00 - 12:50 ( 예203 )
본과정,AI미디어디자인학과,창의융합사고와창작1,101,피종삼,1,교양과정,3,수 10:00 - 10:50 ( 예218 )  수 11:00 - 11:50 ( 예218 )  수 12:00 - 12:50 ( 예218 )
본과정,AI미디어디자인학과,창의융합사고와창작1,102,피종삼,1,교양과정,3,수 14:00 - 14:50 ( 예218 )  수 15:00 - 15:50 ( 예218 )  수 16:00 - 16:50 ( 예218 )
본과정,AI미디어디자인학과,크리에이티브디지털드로잉,101,조동희,1,교양과정,3,월 09:00 - 09:50 ( 예202 )  월 10:00 - 10:50 ( 예202 )  월 11:00 - 11:50 ( 예202 )
본과정,AI미디어디자인학과,크리에이티브디지털드로잉,102,조동희,1,교양과정,3,월 14:00 - 14:50 ( 예202 )  월 15:00 - 15:50 ( 예202 )  월 16:00 - 16:50 ( 예202 )
본과정,사회체육과,골프,101,김원배,1,전공과정,2,화 15:25 - 16:25 ( 예B203 )  화 16:25 - 17:25 ( 예B203 )
본과정,사회체육과,골프,102,김원배,1,전공과정,2,월 13:00 - 13:50 ( 예B203 )  월 14:00 - 14:50 ( 예B203 )
본과정,사회체육과,골프,103,김원배,1,전공과정,2,월 15:00 - 15:50 ( 예B203 )  월 16:00 - 16:50 ( 예B203 )
본과정,사회체육과,교육학개론,101,방진하,1,교직과정,3,월 10:00 - 10:50 ( 예301 )  월 11:00 - 11:50 ( 예301 )  월 12:00 - 12:50 ( 예301 )
본과정,사회체육과,배드민턴,101,김정묵,1,전공과정,2,목 10:00 - 10:50 ( 예308 )  목 11:00 - 11:50 ( 예308 )
본과정,사회체육과,배드민턴,102,김정묵,1,전공과정,2,목 13:00 - 13:50 ( 예308 )  목 14:00 - 14:50 ( 예308 )
본과정,사회체육과,배드민턴,103,김정묵,1,전공과정,2,목 15:00 - 15:50 ( 예308 )  목 16:00 - 16:50 ( 예308 )
본과정,사회체육과,사회체육론,101,김영준,1,전공과정,2,수 14:00 - 14:50 ( 예303 )  수 15:00 - 15:50 ( 예303 )
본과정,사회체육과,사회체육론,102,김영준,1,전공과정,2,화 10:00 - 10:50 ( 예303 )  화 11:00 - 11:50 ( 예303 )
본과정,사회체육과,사회체육론,103,김영준,1,전공과정,2,수 12:00 - 12:50 ( 예303 )  수 13:00 - 13:50 ( 예303 )
본과정,사회체육과,수영,101,김무진,1,전공과정,2,월 13:00 - 13:50 ( 연002 )  월 14:00 - 14:50 ( 연002 )
본과정,사회체육과,수영,102,김무진,1,전공과정,2,수 13:00 - 13:50 ( 연002 )  수 14:00 - 14:50 ( 연002 )
본과정,사회체육과,수영,103,김무진,1,전공과정,2,금 13:00 - 13:50 ( 연002 )  금 14:00 - 14:50 ( 연002 )
본과정,사회체육과,수영,104,김정묵,1,전공과정,2,월 13:00 - 13:50 ( 연002 )  월 14:00 - 14:50 ( 연002 )
본과정,사회체육과,수영,105,김정묵,1,전공과정,2,수 13:00 - 13:50 ( 연002 )  수 14:00 - 14:50 ( 연002 )
본과정,사회체육과,수영,106,김정묵,1,전공과정,2,금 13:00 - 13:50 ( 연002 )  금 14:00 - 14:50 ( 연002 )
본과정,사회체육과,스포츠지도자의의사소통능력,101,안현균,1,교양과정,2,목 15:00 - 15:50 ( 예301 )  목 16:00 - 16:50 ( 예301 )
본과정,사회체육과,스포츠지도자의의사소통능력,102,안현균,1,교양과정,2,목 10:00 - 10:50 ( 예301 )  목 11:00 - 11:50 ( 예301 )
본과정,사회체육과,스포츠지도자의의사소통능력,103,안현균,1,교양과정,2,화 10:00 - 10:50 ( 예301 )  화 11:00 - 11:50 ( 예301 )
본과정,사회체육과,운동생리학,101,김정묵,1,전공과정,3,화 09:00 - 09:50 ( 예402 )  화 10:00 - 10:50 ( 예402 )  화 11:00 - 11:50 ( 예402 )
본과정,사회체육과,운동생리학,102,정영수,1,전공과정,3,월 15:00 - 16:25 ( 예301 )  화 15:25 - 16:50 ( 예301 )
본과정,사회체육과,운동생리학,103,정영수,1,전공과정,3,월 13:00 - 14:25 ( 예301 )  화 14:00 - 15:25 ( 예301 )
본과정,사회체육과,축구,101,김정묵,1,전공과정,2,목 13:00 - 13:50 ( 연001 )  목 14:00 - 14:50 ( 연001 )
본과정,사회체육과,축구,102,김정묵,1,전공과정,2,목 15:00 - 15:50 ( 연001 )  목 16:00 - 16:50 ( 연001 )
본과정,사회체육과,축구,103,김정묵,1,전공과정,2,목 10:00 - 10:50 ( 연001 )  목 11:00 - 11:50 ( 연001 )
본과정,사회체육과,뉴스포츠,101,김정묵,2,전공과정,2,월 14:00 - 14:50 ( 예308 )  월 15:00 - 15:50 ( 예308 )
본과정,사회체육과,뉴스포츠,102,김정묵,2,전공과정,2,월 10:00 - 10:50 ( 예308 )  월 11:00 - 11:50 ( 예308 )
본과정,사회체육과,뉴스포츠,103,김정묵,2,전공과정,2,월 12:00 - 12:50 ( 예308 )  월 13:00 - 13:50 ( 예308 )
본과정,사회체육과,볼링,101,김영준,2,전공과정,2,화 16:00 - 16:50 ( 연005 )  화 17:00 - 17:50 ( 연005 )
본과정,사회체육과,볼링,102,김영준,2,전공과정,2,화 14:00 - 14:50 ( 연005 )  화 15:00 - 15:50 ( 연005 )
본과정,사회체육과,볼링,103,김영준,2,전공과정,2,월 14:00 - 14:50 ( 연005 )  월 15:00 - 15:50 ( 연005 )
본과정,사회체육과,스포츠경영과창업,101,김주호,2,전공과정,2,수 12:00 - 12:50 ( 예304 )  수 13:00 - 13:50 ( 예304 )
본과정,사회체육과,스포츠경영과창업,102,김주호,2,전공과정,2,월 13:00 - 13:50 ( 예304 )  월 14:00 - 14:50 ( 예304 )
본과정,사회체육과,스포츠경영과창업,103,김주호,2,전공과정,2,월 10:00 - 10:50 ( 예304 )  월 11:00 - 11:50 ( 예304 )
본과정,사회체육과,스포츠심리학,101,김원배,2,전공과정,3,화 14:00 - 15:25 ( 예402 )  목 10:25 - 11:50 ( 예402 )
본과정,사회체육과,스포츠심리학,102,심경난,2,전공과정,3,월 15:00 - 15:50 ( 예402 )  월 16:00 - 16:50 ( 예402 )  월 17:00 - 17:50 ( 예402 )
본과정,사회체육과,스포츠심리학,103,심경난,2,전공과정,3,수 14:00 - 14:50 ( 예402 )  수 15:00 - 15:50 ( 예402 )  수 16:00 - 16:50 ( 예402 )
본과정,사회체육과,신체조성관리,101,정영수,2,전공과정,2,월 10:00 - 10:50 ( 예401 )  월 11:00 - 11:50 ( 예401 )
본과정,사회체육과,신체조성관리,102,정영수,2,전공과정,2,화 10:00 - 10:50 ( 예401 )  화 11:00 - 11:50 ( 예401 )
본과정,사회체육과,신체조성관리,103,정영수,2,전공과정,2,목 10:00 - 10:50 ( 예401 )  목 11:00 - 11:50 ( 예401 )
본과정,사회체육과,응급처치,101,김정묵,2,전공과정,2,수 14:00 - 14:50 ( 예401 )  수 15:00 - 15:50 ( 예401 )
본과정,사회체육과,응급처치,102,김정묵,2,전공과정,2,수 16:00 - 16:50 ( 예401 )  수 17:00 - 17:50 ( 예401 )
본과정,사회체육과,응급처치,103,김정묵,2,전공과정,2,수 12:00 - 12:50 ( 예401 )  수 13:00 - 13:50 ( 예401 )
본과정,사회체육과,체육측정평가,101,황규정,2,전공과정,2,수 16:00 - 16:50 ( 예304 )  수 17:00 - 17:50 ( 예304 )
본과정,사회체육과,체육측정평가,102,황규정,2,전공과정,2,수 14:00 - 14:50 ( 예304 )  수 15:00 - 15:50 ( 예304 )
본과정,사회체육과,체육측정평가,103,황규정,2,전공과정,2,수 10:00 - 10:50 ( 예304 )  수 11:00 - 11:50 ( 예304 )
본과정,사회체육과,필라테스,101,김정묵,2,전공과정,2,월 12:00 - 12:50 ( 예B210 )  월 13:00 - 13:50 ( 예B210 )
본과정,사회체육과,필라테스,102,김정묵,2,전공과정,2,화 16:00 - 16:50 ( 예B210 )  화 17:00 - 17:50 ( 예B210 )
본과정,사회체육과,필라테스,103,김정묵,2,전공과정,2,화 14:00 - 14:50 ( 예B210 )  화 15:00 - 15:50 ( 예B210 )
본과정,뷰티매니지먼트과메이크업·네일전공,기초메이크업실습,101,정금비,1,전공과정,3,월 09:00 - 09:50 ( 사306 )  월 10:00 - 10:50 ( 사306 )  월 11:00 - 11:50 ( 사306 )
본과정,뷰티매니지먼트과메이크업·네일전공,기초메이크업실습,102,한나영,1,전공과정,3,수 09:00 - 09:50 ( 사713 )  수 10:00 - 10:50 ( 사713 )  수 11:00 - 11:50 ( 사713 )
본과정,뷰티매니지먼트과메이크업·네일전공,네일케어실습,101,서유정,1,전공과정,3,월 15:00 - 15:50 ( 사806 )  월 16:00 - 16:50 ( 사806 )  월 17:00 - 17:50 ( 사806 )
본과정,뷰티매니지먼트과메이크업·네일전공,네일케어실습,102,양제인,1,전공과정,3,월 09:00 - 09:50 ( 사806 )  월 10:00 - 10:50 ( 사806 )  월 11:00 - 11:50 ( 사806 )
본과정,뷰티매니지먼트과메이크업·네일전공,맞춤형화장품조제및관리,101,노은우,1,전공과정,2,화 10:00 - 10:50 ( 사306 )  화 11:00 - 11:50 ( 사306 )
본과정,뷰티매니지먼트과메이크업·네일전공,맞춤형화장품조제및관리,102,송연재,1,전공과정,2,화 10:00 - 10:50 ( 사B106 )  화 11:00 - 11:50 ( 사B106 )
본과정,뷰티매니지먼트과메이크업·네일전공,무대공연기본메이크업,101,정금비,1,전공과정,3,수 09:00 - 09:50 ( 사B207 )  수 10:00 - 10:50 ( 사B207 )  수 11:00 - 11:50 ( 사B207 )
본과정,뷰티매니지먼트과메이크업·네일전공,무대공연기본메이크업,102,정금비,1,전공과정,3,수 13:00 - 13:50 ( 사B207 )  수 14:00 - 14:50 ( 사B207 )  수 15:00 - 15:50 ( 사B207 )
본과정,뷰티매니지먼트과메이크업·네일전공,응용메이크업실습,101,송연재,1,전공과정,2,화 13:00 - 13:50 ( 사B106 )  화 14:00 - 14:50 ( 사B106 )
본과정,뷰티매니지먼트과메이크업·네일전공,응용메이크업실습,102,송연재,1,전공과정,2,월 13:00 - 13:50 ( 사B106 )  월 14:00 - 14:50 ( 사B106 )
본과정,뷰티매니지먼트과메이크업·네일전공,이미지메이크업,101,이승주,1,전공과정,3,화 15:00 - 15:50 ( 사B207 )  화 16:00 - 16:50 ( 사B207 )  화 17:00 - 17:50 ( 사B207 )
본과정,뷰티매니지먼트과메이크업·네일전공,이미지메이크업,102,이승주,1,전공과정,3,월 15:00 - 15:50 ( 사513 )  월 16:00 - 16:50 ( 사513 )  월 17:00 - 17:50 ( 사513 )
본과정,뷰티매니지먼트과메이크업·네일전공,네일아트작품,101,서유정,2,전공과정,3,월 12:00 - 12:50 ( 사806 )  월 13:00 - 13:50 ( 사806 )  월 14:00 - 14:50 ( 사806 )
본과정,뷰티매니지먼트과메이크업·네일전공,네일아트작품,102,서유정,2,전공과정,3,화 15:00 - 15:50 ( 사B106 )  화 16:00 - 16:50 ( 사B106 )  화 17:00 - 17:50 ( 사B106 )
본과정,뷰티매니지먼트과메이크업·네일전공,메이크업아트작품,101,한나영,2,전공과정,3,수 13:00 - 13:50 ( 사B207 )  수 14:00 - 14:50 ( 사B207 )  수 15:00 - 15:50 ( 사B207 )
본과정,뷰티매니지먼트과메이크업·네일전공,메이크업아트작품,102,강명주,2,전공과정,3,수 09:00 - 09:50 ( 사B207 )  수 10:00 - 10:50 ( 사B207 )  수 11:00 - 11:50 ( 사B207 )
본과정,뷰티매니지먼트과메이크업·네일전공,미디어메이크업,101,강명주,2,전공과정,3,수 09:00 - 09:50 ( 사513 )  수 10:00 - 10:50 ( 사513 )  수 11:00 - 11:50 ( 사513 )
본과정,뷰티매니지먼트과메이크업·네일전공,미디어메이크업,102,강명주,2,전공과정,3,수 13:00 - 13:50 ( 사713 )  수 14:00 - 14:50 ( 사713 )  수 15:00 - 15:50 ( 사713 )
본과정,뷰티매니지먼트과메이크업·네일전공,바디페인팅,101,노은우,2,전공과정,2,화 12:00 - 12:50 ( 사306 )  화 13:00 - 13:50 ( 사306 )
본과정,뷰티매니지먼트과메이크업·네일전공,바디페인팅,102,노은우,2,전공과정,2,월 09:00 - 09:50 ( 사B106 )  월 10:00 - 10:50 ( 사B106 )
본과정,뷰티매니지먼트과메이크업·네일전공,뷰티웹디자인,101,송연재,2,전공과정,3,화 15:00 - 15:50 ( 사513 )  화 16:00 - 16:50 ( 사513 )  화 17:00 - 17:50 ( 사513 )
본과정,뷰티매니지먼트과메이크업·네일전공,뷰티웹디자인,102,이승주,2,전공과정,3,화 12:00 - 12:50 ( 본716 )  화 13:00 - 13:50 ( 본716 )  화 14:00 - 14:50 ( 본716 )
본과정,뷰티매니지먼트과메이크업·네일전공,아이브로우트리트먼트,101,강명주,2,전공과정,2,월 09:00 - 09:50 ( 사B207 )  월 10:00 - 10:50 ( 사B207 )
본과정,뷰티매니지먼트과메이크업·네일전공,아이브로우트리트먼트,102,강명주,2,전공과정,2,월 11:00 - 11:50 ( 사B106 )  월 12:00 - 12:50 ( 사B106 )
본과정,뷰티매니지먼트과스킨케어메디컬코스메틱전공,기초에스테틱,101,김윤정,1,전공과정,3,화 10:00 - 10:50 ( 사701 )  화 11:00 - 11:50 ( 사701 )  화 12:00 - 12:50 ( 사701 )
본과정,뷰티매니지먼트과스킨케어메디컬코스메틱전공,기초에스테틱,102,김윤정,1,전공과정,3,월 10:00 - 10:50 ( 사701 )  월 11:00 - 11:50 ( 사701 )  월 12:00 - 12:50 ( 사701 )
본과정,뷰티매니지먼트과스킨케어메디컬코스메틱전공,네일케어실습,101,박소현,1,전공과정,2,화 15:00 - 15:50 ( 사806 )  화 16:00 - 16:50 ( 사806 )
본과정,뷰티매니지먼트과스킨케어메디컬코스메틱전공,네일케어실습,102,박소현,1,전공과정,2,화 11:00 - 11:50 ( 사806 )  화 12:00 - 12:50 ( 사806 )
본과정,뷰티매니지먼트과스킨케어메디컬코스메틱전공,다이어트건강관리실습,101,최영은,1,전공과정,3,월 10:00 - 10:50 ( 사514 )  월 11:00 - 11:50 ( 사514 )  월 12:00 - 12:50 ( 사514 )
본과정,뷰티매니지먼트과스킨케어메디컬코스메틱전공,다이어트건강관리실습,102,최영은,1,전공과정,3,화 15:00 - 15:50 ( 사514 )  화 16:00 - 16:50 ( 사514 )  화 17:00 - 17:50 ( 사514 )
본과정,뷰티매니지먼트과스킨케어메디컬코스메틱전공,뷰티메이크업,101,최원아,1,전공과정,3,목 09:00 - 09:50 ( 사514 )  목 10:00 - 10:50 ( 사514 )  목 11:00 - 11:50 ( 사514 )
본과정,뷰티매니지먼트과스킨케어메디컬코스메틱전공,뷰티메이크업,102,최원아,1,전공과정,3,목 14:00 - 14:50 ( 사701 )  목 15:00 - 15:50 ( 사701 )  목 16:00 - 16:50 ( 사701 )
본과정,뷰티매니지먼트과스킨케어메디컬코스메틱전공,피부미용학,101,윤안나,1,전공과정,2,월 15:00 - 15:50 ( 사B201 )  월 16:00 - 16:50 ( 사B201 )
본과정,뷰티매니지먼트과스킨케어메디컬코스메틱전공,화장품학,101,정영옥,1,전공과정,2,화 13:00 - 13:50 ( 사B201 )  화 14:00 - 14:50 ( 사B201 )
본과정,뷰티매니지먼트과스킨케어메디컬코스메틱전공,CS교육,101,김윤정,2,전공과정,2,월 13:00 - 13:50 ( 사B201 )  월 14:00 - 14:50 ( 사B201 )
본과정,뷰티매니지먼트과스킨케어메디컬코스메틱전공,뷰티소셜미디어제작실습,101,박영혜,2,전공과정,3,수 14:00 - 14:50 ( 사806 )  수 15:00 - 15:50 ( 사806 )  수 16:00 - 16:50 ( 사806 )
본과정,뷰티매니지먼트과스킨케어메디컬코스메틱전공,뷰티소셜미디어제작실습,102,박영혜,2,전공과정,3,수 10:00 - 10:50 ( 사806 )  수 11:00 - 11:50 ( 사806 )  수 12:00 - 12:50 ( 사806 )
본과정,뷰티매니지먼트과스킨케어메디컬코스메틱전공,아로마테라피&조향,101,김경미,2,전공과정,3,월 10:00 - 10:50 ( 사B103 )  월 11:00 - 11:50 ( 사B103 )  월 12:00 - 12:50 ( 사B103 )
본과정,뷰티매니지먼트과스킨케어메디컬코스메틱전공,아로마테라피&조향,102,김경미,2,전공과정,3,월 15:00 - 15:50 ( 사B103 )  월 16:00 - 16:50 ( 사B103 )  월 17:00 - 17:50 ( 사B103 )
본과정,뷰티매니지먼트과스킨케어메디컬코스메틱전공,창업메디컬에스테틱실무,101,김현주,2,전공과정,3,목 09:00 - 09:50 ( 사B103 )  목 10:00 - 10:50 ( 사B103 )  목 11:00 - 11:50 ( 사B103 )
본과정,뷰티매니지먼트과스킨케어메디컬코스메틱전공,창업메디컬에스테틱실무,102,김현주,2,전공과정,3,목 14:00 - 14:50 ( 사B103 )  목 15:00 - 15:50 ( 사B103 )  목 16:00 - 16:50 ( 사B103 )
본과정,뷰티매니지먼트과스킨케어메디컬코스메틱전공,컨투어스킨아트 I,101,문주애,2,전공과정,3,목 14:00 - 14:50 ( 사806 )  목 15:00 - 15:50 ( 사806 )  목 16:00 - 16:50 ( 사806 )
본과정,뷰티매니지먼트과스킨케어메디컬코스메틱전공,컨투어스킨아트 I,102,문주애,2,전공과정,3,목 09:00 - 09:50 ( 사806 )  목 10:00 - 10:50 ( 사806 )  목 11:00 - 11:50 ( 사806 )
본과정,뷰티매니지먼트과스킨케어메디컬코스메틱전공,피부미용국가자격증,101,김미리,2,전공과정,3,수 10:00 - 10:50 ( 사514 )  수 11:00 - 11:50 ( 사514 )  수 12:00 - 12:50 ( 사514 )
본과정,뷰티매니지먼트과스킨케어메디컬코스메틱전공,피부미용국가자격증,102,김미리,2,전공과정,3,수 14:00 - 14:50 ( 사514 )  수 15:00 - 15:50 ( 사514 )  수 16:00 - 16:50 ( 사514 )
본과정,뷰티매니지먼트과헤어디자인전공,SNS마케팅실습,101,이은지,1,전공과정,3,월 10:00 - 10:50 ( 사307 )  월 11:00 - 11:50 ( 사307 )  월 12:00 - 12:50 ( 사307 )
본과정,뷰티매니지먼트과헤어디자인전공,SNS마케팅실습,102,이은지,1,전공과정,3,월 14:00 - 14:50 ( 사307 )  월 15:00 - 15:50 ( 사307 )  월 16:00 - 16:50 ( 사307 )
본과정,뷰티매니지먼트과헤어디자인전공,맨즈커트,101,이아림,1,전공과정,3,수 10:00 - 10:50 ( 사307 )  수 11:00 - 11:50 ( 사307 )  수 12:00 - 12:50 ( 사307 )
본과정,뷰티매니지먼트과헤어디자인전공,맨즈커트,102,이아림,1,전공과정,3,수 14:00 - 14:50 ( 사307 )  수 15:00 - 15:50 ( 사307 )  수 16:00 - 16:50 ( 사307 )
본과정,뷰티매니지먼트과헤어디자인전공,베이직헤어컬러링,101,서지영,1,전공과정,3,목 14:00 - 14:50 ( 사307 )  목 15:00 - 15:50 ( 사307 )  목 16:00 - 16:50 ( 사307 )
본과정,뷰티매니지먼트과헤어디자인전공,베이직헤어컬러링,102,서지영,1,전공과정,3,목 09:00 - 09:50 ( 사307 )  목 10:00 - 10:50 ( 사307 )  목 11:00 - 11:50 ( 사307 )
본과정,뷰티매니지먼트과헤어디자인전공,아이롱실습,101,서지영,1,전공과정,3,화 15:00 - 15:50 ( 사307 )  화 16:00 - 16:50 ( 사307 )  화 17:00 - 17:50 ( 사307 )
본과정,뷰티매니지먼트과헤어디자인전공,아이롱실습,102,서지영,1,전공과정,3,화 11:00 - 11:50 ( 사307 )  화 12:00 - 12:50 ( 사307 )  화 13:00 - 13:50 ( 사307 )
본과정,뷰티매니지먼트과헤어디자인전공,AI SNS마케팅실습II,102,이은지,2,전공과정,3,원격시험 배정시간  월 10:00 - 10:50 ( 사710 )
본과정,뷰티매니지먼트과헤어디자인전공,미용진로취업설계,101,서지영,2,전공과정,3,목 09:00 - 09:50 ( 사710 )  목 10:00 - 10:50 ( 사710 )  목 11:00 - 11:50 ( 사710 )
본과정,뷰티매니지먼트과헤어디자인전공,미용진로취업설계,102,서지영,2,전공과정,3,목 14:00 - 14:50 ( 공703 )  목 15:00 - 15:50 ( 공703 )  목 16:00 - 16:50 ( 공703 )
본과정,뷰티매니지먼트과헤어디자인전공,어드밴스커트,101,김소라,2,전공과정,3,화 12:00 - 12:50 ( 사710 )  화 13:00 - 13:50 ( 사710 )  화 14:00 - 14:50 ( 사710 )
본과정,뷰티매니지먼트과헤어디자인전공,어드밴스커트,102,김소라,2,전공과정,3,화 15:00 - 15:50 ( 사710 )  화 16:00 - 16:50 ( 사710 )  화 17:00 - 17:50 ( 사710 )
본과정,뷰티매니지먼트과헤어디자인전공,업스타일테크닉,101,서지영,2,전공과정,3,수 14:00 - 14:50 ( 사710 )  수 15:00 - 15:50 ( 사710 )  수 16:00 - 16:50 ( 사710 )
본과정,뷰티매니지먼트과헤어디자인전공,업스타일테크닉,102,서지영,2,전공과정,3,목 14:00 - 14:50 ( 사710 )  목 15:00 - 15:50 ( 사710 )  목 16:00 - 16:50 ( 사710 )
본과정,뷰티매니지먼트과방송스타일디렉터전공,기초쏘잉Ⅰ,101,김루아,1,전공과정,3,화 10:00 - 10:50 ( 사301 )  화 11:00 - 11:50 ( 사301 )  화 12:00 - 12:50 ( 사301 )
본과정,뷰티매니지먼트과방송스타일디렉터전공,기초쏘잉Ⅰ,102,김루아,1,전공과정,3,수 14:00 - 14:50 ( 사301 )  수 15:00 - 15:50 ( 사301 )  수 16:00 - 16:50 ( 사301 )
본과정,뷰티매니지먼트과방송스타일디렉터전공,스타일리스트실습,101,이지애,1,전공과정,3,화 14:00 - 14:50 ( 사709 )  화 15:00 - 15:50 ( 사709 )  화 16:00 - 16:50 ( 사709 )
본과정,뷰티매니지먼트과방송스타일디렉터전공,스타일리스트실습,102,이지애,1,전공과정,3,화 10:00 - 10:50 ( 사709 )  화 11:00 - 11:50 ( 사709 )  화 12:00 - 12:50 ( 사709 )
본과정,뷰티매니지먼트과방송스타일디렉터전공,일러스트레이션,101,김기현,1,전공과정,3,수 11:00 - 11:50 ( 사709 )  목 09:00 - 09:50 ( 사709 )  목 10:00 - 10:50 ( 사709 )
본과정,뷰티매니지먼트과방송스타일디렉터전공,일러스트레이션,102,김기현,1,전공과정,3,수 10:00 - 10:50 ( 사306 )  수 11:00 - 11:50 ( 사306 )  수 12:00 - 12:50 ( 사306 )
본과정,뷰티매니지먼트과방송스타일디렉터전공,패션기초실습,101,안희경,1,전공과정,3,수 10:00 - 10:50 ( 사301 )  수 11:00 - 11:50 ( 사301 )  수 12:00 - 12:50 ( 사301 )
본과정,뷰티매니지먼트과방송스타일디렉터전공,패션기초실습,102,김미영,1,전공과정,3,화 14:00 - 14:50 ( 사306 )  화 15:00 - 15:50 ( 사306 )  화 16:00 - 16:50 ( 사306 )
본과정,뷰티매니지먼트과방송스타일디렉터전공,퍼스널이미지,101,김미영,1,전공과정,3,수 14:00 - 14:50 ( 사306 )  수 15:00 - 15:50 ( 사306 )  수 16:00 - 16:50 ( 사306 )
본과정,뷰티매니지먼트과방송스타일디렉터전공,퍼스널이미지,102,김미영,1,전공과정,3,목 09:00 - 09:50 ( 사709 )  목 10:00 - 10:50 ( 사709 )  목 11:00 - 11:50 ( 사709 )
본과정,뷰티매니지먼트과방송스타일디렉터전공,AI미디어이미지연출,801,정다운,2,통합전공교과,3,원격시험 배정시간  화 18:50 - 19:35 (  )
본과정,뷰티매니지먼트과방송스타일디렉터전공,뷰티퍼스널컬러,801,,2,통합전공교과,3,원격시험 배정시간  수 18:50 - 19:35 (  )  수 19:40 - 20:25 (  )  수 20:30 - 21:15 (  )
본과정,뷰티매니지먼트과방송스타일디렉터전공,작품제작Ⅰ,101,안희경,2,전공과정,3,화 14:00 - 14:50 ( 사301 )  화 15:00 - 15:50 ( 사301 )  화 16:00 - 16:50 ( 사301 )
본과정,뷰티매니지먼트과방송스타일디렉터전공,전공실무Ⅰ,101,김기현,2,전공과정,3,목 14:00 - 14:50 ( 사306 )  목 15:00 - 15:50 ( 사306 )  목 16:00 - 16:50 ( 사306 )
본과정,뷰티매니지먼트과방송스타일디렉터전공,패션디자인창작,101,김루아,2,전공과정,3,목 09:00 - 09:50 ( 사301 )  목 10:00 - 10:50 ( 사301 )  목 11:00 - 11:50 ( 사301 )
본과정,뷰티매니지먼트과방송스타일디렉터전공,패션뷰티브랜드스토리Ⅰ,101,김미영,2,전공과정,3,원격시험 배정시간  월 10:00 - 10:50 ( 사709 )
본과정,뷰티매니지먼트과방송스타일디렉터전공,패션스타일링,101,이지애,2,전공과정,3,수 10:00 - 10:50 ( 사709 )  수 11:00 - 11:50 ( 사709 )  수 12:00 - 12:50 ( 사709 )
본과정,보건의료정보과,공중보건학,101,전보영,1,전공과정,3,월 11:00 - 11:50 ( 사515 )  월 12:00 - 12:50 ( 사515 )  월 13:00 - 13:50 ( 사515 )
본과정,보건의료정보과,공중보건학,102,전보영,1,전공과정,3,화 11:00 - 11:50 ( 사516 )  화 12:00 - 12:50 ( 사516 )  화 13:00 - 13:50 ( 사516 )
본과정,보건의료정보과,의료정보관리와인공지능,101,윤서중,1,전공과정,3,수 15:00 - 15:50 ( 사404 )  수 16:00 - 16:50 ( 사404 )  수 17:00 - 17:50 ( 사404 )
본과정,보건의료정보과,의료정보관리와인공지능,102,윤서중,1,전공과정,3,수 11:00 - 11:50 ( 사409 )  수 12:00 - 12:50 ( 사409 )  수 13:00 - 13:50 ( 사409 )
본과정,보건의료정보과,의학용어,101,이락현,1,전공과정,3,수 11:00 - 11:50 ( 사516 )  수 12:00 - 12:50 ( 사516 )  수 13:00 - 13:50 ( 사516 )
본과정,보건의료정보과,의학용어,102,이세윤,1,전공과정,3,수 15:00 - 15:50 ( 사516 )  수 16:00 - 16:50 ( 사516 )  수 17:00 - 17:50 ( 사516 )
본과정,보건의료정보과,프로그래밍언어,101,이준영,1,전공과정,3,월 15:00 - 15:50 ( 사409 )  월 16:00 - 16:50 ( 사409 )  월 17:00 - 17:50 ( 사409 )
본과정,보건의료정보과,프로그래밍언어,102,이준영,1,전공과정,3,화 15:00 - 15:50 ( 사409 )  화 16:00 - 16:50 ( 사409 )  화 17:00 - 17:50 ( 사409 )
본과정,보건의료정보과,국민건강보험론,101,이유리,2,전공과정,2,수 13:00 - 13:50 ( 사404 )  수 14:00 - 14:50 ( 사404 )
본과정,보건의료정보과,병리학개론,101,이선화,2,전공과정,3,화 15:00 - 15:50 ( 사404 )  화 16:00 - 16:50 ( 사404 )  화 17:00 - 17:50 ( 사404 )
본과정,보건의료정보과,병원원무및회계,101,윤서중,2,전공과정,3,월 15:00 - 15:50 ( 사404 )  월 16:00 - 16:50 ( 사404 )  월 17:00 - 17:50 ( 사404 )
본과정,보건의료정보과,병원원무및회계,102,윤서중,2,전공과정,3,월 11:00 - 11:50 ( 사404 )  월 12:00 - 12:50 ( 사404 )  월 13:00 - 13:50 ( 사404 )
본과정,보건의료정보과,보건의료관계법규,101,이락현,2,전공과정,2,화 13:00 - 13:50 ( 사404 )  화 14:00 - 14:50 ( 사404 )
본과정,보건의료정보과,스마트기술과의료정보학,101,이준영,2,전공과정,3,수 15:00 - 15:50 ( 사409 )  수 16:00 - 16:50 ( 사409 )  수 17:00 - 17:50 ( 사409 )
본과정,보건의료정보과,암등록,101,이선화,2,전공과정,2,목 16:00 - 16:50 ( 사404 )  목 17:00 - 17:50 ( 사404 )
본과정,보건의료정보과,의무기록관리학,101,이세윤,2,전공과정,3,월 11:00 - 11:50 ( 사516 )  월 12:00 - 12:50 ( 사516 )  월 13:00 - 13:50 ( 사516 )
본과정,보건의료정보과,의무기록관리학,102,이세윤,2,전공과정,3,월 15:00 - 15:50 ( 사516 )  월 16:00 - 16:50 ( 사516 )  월 17:00 - 17:50 ( 사516 )
본과정,보건의료정보과,의무기록실무,101,이선화,2,전공과정,2,목 14:00 - 14:50 ( 사404 )  목 15:00 - 15:50 ( 사404 )
본과정,실용음악과,Ensemble I(가창),101,이해문,1,전공과정,2,수 16:00 - 16:50 ( 예B213 )  수 17:00 - 17:50 ( 예B213 )
본과정,실용음악과,Ensemble I(가창),102,이원빈,1,전공과정,2,월 12:00 - 12:50 ( 예B111 )  월 13:00 - 13:50 ( 예B111 )
본과정,실용음악과,Ensemble I(악기),101,황정관,1,전공과정,2,월 12:00 - 12:50 ( 예B213 )  월 13:00 - 13:50 ( 예B213 )
본과정,실용음악과,디자인씽킹레코딩실습,101,지성배,1,전공과정,2,월 12:00 - 12:50 ( 예805 )  월 13:00 - 13:50 ( 예805 )
본과정,실용음악과,디자인씽킹레코딩실습,102,지성배,1,전공과정,2,월 10:00 - 10:50 ( 예805 )  월 11:00 - 11:50 ( 예805 )
본과정,실용음악과,디자인씽킹레코딩실습,103,이형탁,1,전공과정,2,목 10:00 - 10:50 ( 예805 )  목 11:00 - 11:50 ( 예805 )
본과정,실용음악과,디자인씽킹레코딩실습,104,이형탁,1,전공과정,2,목 14:00 - 14:50 ( 예805 )  목 15:00 - 15:50 ( 예805 )
본과정,실용음악과,뮤직비지니스 I,101,김지현,1,전공과정,3,화 12:25 - 13:50 ( 예801 )  목 14:00 - 15:25 ( 예801 )
본과정,실용음악과,뮤직비지니스 I,102,김지현,1,전공과정,3,화 14:00 - 15:25 ( 예801 )  수 14:00 - 15:25 ( 예801 )
본과정,실용음악과,뮤직비지니스 I,103,김지현,1,전공과정,3,화 15:25 - 16:50 ( 예801 )  수 12:25 - 13:50 ( 예801 )
본과정,실용음악과,뮤직커뮤니케이션,101,황정관,1,교양과정,2,금 10:00 - 10:50 ( 예B111 )  금 11:00 - 11:50 ( 예B111 )
본과정,실용음악과,시창.청음I,101,이화숙,1,전공과정,3,화 11:00 - 12:25 ( 예803 )  수 12:25 - 13:50 ( 예803 )
본과정,실용음악과,시창.청음I,102,이화숙,1,전공과정,3,수 11:00 - 12:25 ( 예803 )  목 14:00 - 15:25 ( 예803 )
본과정,실용음악과,시창.청음I,103,이화숙,1,전공과정,3,화 12:25 - 13:50 ( 예803 )  수 14:00 - 15:25 ( 예803 )
본과정,실용음악과,시창.청음I,104,장태웅,1,전공과정,3,화 09:00 - 09:50 ( 예801 )  화 10:00 - 10:50 ( 예801 )  화 11:00 - 11:50 ( 예801 )
본과정,실용음악과,실용음악화성학I,101,양은주,1,전공과정,3,화 15:25 - 16:50 ( 예804 )  수 11:00 - 12:25 ( 예804 )
본과정,실용음악과,실용음악화성학I,102,양은주,1,전공과정,3,월 14:00 - 15:25 ( 예804 )  화 14:00 - 15:25 ( 예804 )
본과정,실용음악과,실용음악화성학I,103,양은주,1,전공과정,3,화 11:00 - 12:50 ( 예804 )  수 14:00 - 15:25 ( 예804 )
본과정,실용음악과,실용음악화성학I,104,김상열,1,전공과정,3,월 12:00 - 12:50 ( 예801 )  월 13:00 - 13:50 ( 예801 )  월 14:00 - 14:50 ( 예801 )
본과정,실용음악과,전공실기I,101,지성배,1,전공과정,1,목 10:00 - 10:50 ( 예806 )
본과정,실용음악과,전공실기I,102,지성배,1,전공과정,1,목 11:00 - 11:50 ( 예806 )
본과정,실용음악과,전공실기I,103,지성배,1,전공과정,1,월 14:00 - 14:50 ( 예806 )
본과정,실용음악과,전공실기I,104,지성배,1,전공과정,1,월 15:00 - 15:50 ( 예806 )
본과정,실용음악과,전공실기I,105,박승규,1,전공과정,1,월 09:00 - 09:50 ( 예B211 )
본과정,실용음악과,전공실기I,106,양재인,1,전공과정,1,월 15:00 - 15:50 ( 예806 )
본과정,실용음악과,전공실기I,107,김상열,1,전공과정,1,월 15:00 - 15:50 ( 예806 )
본과정,실용음악과,전공실기I,110,한재성,1,전공과정,1,월 14:00 - 14:50 ( 예806 )
본과정,실용음악과,전공실기I,111,한재성,1,전공과정,1,월 15:00 - 15:50 ( 예806 )
본과정,실용음악과,전공실기I,112,전창영,1,전공과정,1,월 14:00 - 14:50 ( 예706 )
본과정,실용음악과,전공실기I,113,전창영,1,전공과정,1,월 15:00 - 15:50 ( 예706 )
본과정,실용음악과,전공실기I,114,진가람,1,전공과정,1,월 11:00 - 11:50 ( 예706 )
본과정,실용음악과,전공실기I,115,진가람,1,전공과정,1,월 14:00 - 14:50 ( 예706 )
본과정,실용음악과,전공실기I,116,진가람,1,전공과정,1,월 15:00 - 15:50 ( 예706 )
본과정,실용음악과,전공실기I,117,이원빈,1,전공과정,1,월 10:00 - 10:50 ( 예706 )
본과정,실용음악과,전공실기I,118,이원빈,1,전공과정,1,월 11:00 - 11:50 ( 예706 )
본과정,실용음악과,전공실기I,119,황정관,1,전공과정,1,화 09:00 - 09:50 ( 예B211 )
본과정,실용음악과,전공실기I,120,황정관,1,전공과정,1,화 10:00 - 10:50 ( 예B211 )
본과정,실용음악과,전공실기I,121,박훈민,1,전공과정,1,화 16:00 - 16:50 ( 예806 )
본과정,실용음악과,전공실기I,122,박훈민,1,전공과정,1,화 17:00 - 17:50 ( 예806 )
본과정,실용음악과,전공실기I,123,장태웅,1,전공과정,1,화 16:00 - 16:50 ( 예806 )
본과정,실용음악과,전공실기I,124,장태웅,1,전공과정,1,화 17:00 - 17:50 ( 예806 )
본과정,실용음악과,전공실기I,129,이해문,1,전공과정,1,수 09:00 - 09:50 ( 예806 )
본과정,실용음악과,전공실기I,130,이해문,1,전공과정,1,수 10:00 - 10:50 ( 예806 )
본과정,실용음악과,전공실기I,131,이해문,1,전공과정,1,수 11:00 - 11:50 ( 예806 )
본과정,실용음악과,전공실기I,132,이해문,1,전공과정,1,수 12:00 - 12:50 ( 예806 )
본과정,실용음악과,전공실기I,133,이해문,1,전공과정,1,수 13:00 - 13:50 ( 예806 )
본과정,실용음악과,전공실기I,134,이해문,1,전공과정,1,수 14:00 - 14:50 ( 예806 )
본과정,실용음악과,전공실기I,135,이해문,1,전공과정,1,수 15:00 - 15:50 ( 예806 )
본과정,실용음악과,전공실기I,136,전세진,1,전공과정,1,수 11:00 - 11:50 ( 예B211 )
본과정,실용음악과,전공실기I,137,전세진,1,전공과정,1,수 14:00 - 14:50 ( 예B211 )
본과정,실용음악과,전공실기I,138,전세진,1,전공과정,1,목 14:00 - 14:50 ( 예B211 )
본과정,실용음악과,전공실기I,139,전세진,1,전공과정,1,목 15:00 - 15:50 ( 예B211 )
본과정,실용음악과,전공실기I,140,전세진,1,전공과정,1,수 16:00 - 16:50 ( 예B211 )
본과정,실용음악과,전공실기I,141,송지현,1,전공과정,1,수 09:00 - 09:50 ( 예706 )
본과정,실용음악과,전공실기I,142,송지현,1,전공과정,1,수 10:00 - 10:50 ( 예706 )
본과정,실용음악과,전공실기I,143,송지현,1,전공과정,1,수 16:00 - 16:50 ( 예706 )
본과정,실용음악과,전공실기I,144,송지현,1,전공과정,1,수 17:00 - 17:50 ( 예706 )
본과정,실용음악과,전공실기I,145,한재성,1,전공과정,1,목 14:00 - 14:50 ( 예806 )
본과정,실용음악과,전공실기I,146,한재성,1,전공과정,1,목 15:00 - 15:50 ( 예806 )
본과정,실용음악과,전공실기I,147,한재성,1,전공과정,1,목 11:00 - 11:50 ( 예806 )
본과정,실용음악과,전공실기I,148,조훈,1,전공과정,1,수 09:00 - 09:50 ( 예806 )
본과정,실용음악과,전공실기I,149,조훈,1,전공과정,1,수 10:00 - 10:50 ( 예806 )
본과정,실용음악과,전공실기I,150,조훈,1,전공과정,1,수 11:00 - 11:50 ( 예806 )
본과정,실용음악과,전공실기I,151,조훈,1,전공과정,1,수 12:00 - 12:50 ( 예806 )
본과정,실용음악과,전공실기I,154,조훈,1,전공과정,1,수 13:00 - 13:50 ( 예806 )
본과정,실용음악과,전공실기I,155,차태휘,1,전공과정,1,화 09:00 - 09:50 ( 예706 )
본과정,실용음악과,전공실기I,156,차태휘,1,전공과정,1,화 10:00 - 10:50 ( 예706 )
본과정,실용음악과,전공실기I,157,차태휘,1,전공과정,1,화 14:00 - 14:50 ( 예706 )
본과정,실용음악과,전공실기I,158,황정관,1,전공과정,1,화 11:00 - 11:50 ( 예B211 )
본과정,실용음악과,전공실기I,159,한재성,1,전공과정,1,월 10:00 - 10:50 ( 예806 )
본과정,실용음악과,전공실기I,160,한재성,1,전공과정,1,월 11:00 - 11:50 ( 예806 )
본과정,실용음악과,전공실기I,161,이형탁,1,전공과정,1,월 11:00 - 11:50 ( 예806 )
본과정,실용음악과,합주실기I,101,한재성,1,전공과정,2,목 16:00 - 16:50 ( 예B213 )  목 17:00 - 17:50 ( 예B213 )
본과정,실용음악과,합주실기I,102,전창영,1,전공과정,2,월 16:00 - 16:50 ( 예B213 )  월 17:00 - 17:50 ( 예B213 )
본과정,실용음악과,Ensemble III(가창),101,송지현,2,전공과정,2,수 12:00 - 12:50 ( 예B111 )  수 13:00 - 13:50 ( 예B111 )
본과정,실용음악과,Ensemble III(악기),101,박승규,2,전공과정,2,월 12:00 - 12:50 ( 예B213 )  월 13:00 - 13:50 ( 예B213 )
본과정,실용음악과,대중음악사I,101,김상열,2,전공과정,2,목 14:00 - 14:50 ( 예802 )  목 15:00 - 15:50 ( 예802 )
본과정,실용음악과,대중음악사I,102,김상열,2,전공과정,2,목 16:00 - 16:50 ( 예802 )  목 17:00 - 17:50 ( 예802 )
본과정,실용음악과,송라이팅 I,101,신성진,2,전공과정,2,월 12:00 - 12:50 ( 예802 )  월 13:00 - 13:50 ( 예802 )
본과정,실용음악과,송라이팅 I,102,신성진,2,전공과정,2,월 16:00 - 16:50 ( 예802 )  월 17:00 - 17:50 ( 예802 )
본과정,실용음악과,전공실기III,101,이형탁,2,전공과정,1,월 12:00 - 12:50 ( 예806 )
본과정,실용음악과,전공실기III,102,이형탁,2,전공과정,1,월 13:00 - 13:50 ( 예806 )
본과정,실용음악과,전공실기III,104,김상열,2,전공과정,1,월 11:00 - 11:50 ( 예806 )
본과정,실용음악과,전공실기III,105,김상열,2,전공과정,1,월 16:00 - 16:50 ( 예806 )
본과정,실용음악과,전공실기III,106,김상열,2,전공과정,1,월 17:00 - 17:50 ( 예806 )
본과정,실용음악과,전공실기III,107,진가람,2,전공과정,1,월 16:00 - 16:50 ( 예706 )
본과정,실용음악과,전공실기III,108,진가람,2,전공과정,1,월 17:00 - 17:50 ( 예706 )
본과정,실용음악과,전공실기III,109,진가람,2,전공과정,1,화 11:00 - 11:50 ( 예706 )
본과정,실용음악과,전공실기III,110,진가람,2,전공과정,1,화 12:00 - 12:50 ( 예706 )
본과정,실용음악과,전공실기III,111,진가람,2,전공과정,1,화 13:00 - 13:50 ( 예706 )
본과정,실용음악과,전공실기III,112,박승규,2,전공과정,1,월 10:00 - 10:50 ( 예B211 )
본과정,실용음악과,전공실기III,113,박승규,2,전공과정,1,월 11:00 - 11:50 ( 예B211 )
본과정,실용음악과,전공실기III,114,박승규,2,전공과정,1,월 14:00 - 14:50 ( 예B211 )
본과정,실용음악과,전공실기III,115,박승규,2,전공과정,1,월 15:00 - 15:50 ( 예B211 )
본과정,실용음악과,전공실기III,116,박승규,2,전공과정,1,월 16:00 - 16:50 ( 예B211 )
본과정,실용음악과,전공실기III,117,이원빈,2,전공과정,1,월 14:00 - 14:50 ( 예706 )
본과정,실용음악과,전공실기III,118,이원빈,2,전공과정,1,월 15:00 - 15:50 ( 예706 )
본과정,실용음악과,전공실기III,119,이원빈,2,전공과정,1,월 16:00 - 16:50 ( 예706 )
본과정,실용음악과,전공실기III,120,이원빈,2,전공과정,1,월 17:00 - 17:50 ( 예706 )
본과정,실용음악과,전공실기III,121,지성배,2,전공과정,1,월 16:00 - 16:50 ( 예806 )
본과정,실용음악과,전공실기III,122,지성배,2,전공과정,1,월 17:00 - 17:50 ( 예806 )
본과정,실용음악과,전공실기III,123,지성배,2,전공과정,1,목 14:00 - 14:50 ( 예806 )
본과정,실용음악과,전공실기III,124,지성배,2,전공과정,1,목 15:00 - 15:50 ( 예806 )
본과정,실용음악과,전공실기III,125,한재성,2,전공과정,1,월 12:00 - 12:50 ( 예806 )
본과정,실용음악과,전공실기III,126,한재성,2,전공과정,1,월 13:00 - 13:50 ( 예806 )
본과정,실용음악과,전공실기III,127,전창영,2,전공과정,1,월 12:00 - 12:50 ( 예706 )
본과정,실용음악과,전공실기III,128,전창영,2,전공과정,1,월 13:00 - 13:50 ( 예706 )
본과정,실용음악과,전공실기III,129,전창영,2,전공과정,1,목 14:00 - 14:50 ( 예706 )
본과정,실용음악과,전공실기III,130,전창영,2,전공과정,1,목 15:00 - 15:50 ( 예706 )
본과정,실용음악과,전공실기III,131,양재인,2,전공과정,1,월 11:00 - 11:50 ( 예806 )
본과정,실용음악과,전공실기III,132,양재인,2,전공과정,1,월 12:00 - 12:50 ( 예806 )
본과정,실용음악과,전공실기III,133,양재인,2,전공과정,1,월 13:00 - 13:50 ( 예806 )
본과정,실용음악과,전공실기III,134,양재인,2,전공과정,1,월 14:00 - 14:50 ( 예806 )
본과정,실용음악과,전공실기III,135,양재인,2,전공과정,1,화 12:00 - 12:50 ( 예806 )
본과정,실용음악과,전공실기III,136,양재인,2,전공과정,1,화 13:00 - 13:50 ( 예806 )
본과정,실용음악과,전공실기III,137,장태웅,2,전공과정,1,화 12:00 - 12:50 ( 예806 )
본과정,실용음악과,전공실기III,138,장태웅,2,전공과정,1,화 13:00 - 13:50 ( 예806 )
본과정,실용음악과,전공실기III,139,장태웅,2,전공과정,1,화 14:00 - 14:50 ( 예806 )
본과정,실용음악과,전공실기III,140,장태웅,2,전공과정,1,화 15:00 - 15:50 ( 예806 )
본과정,실용음악과,전공실기III,141,박훈민,2,전공과정,1,화 09:00 - 09:50 ( 예806 )
본과정,실용음악과,전공실기III,142,송지현,2,전공과정,1,수 14:00 - 14:50 ( 예706 )
본과정,실용음악과,전공실기III,143,송지현,2,전공과정,1,수 15:00 - 15:50 ( 예706 )
본과정,실용음악과,전공실기III,144,송지현,2,전공과정,1,목 10:00 - 10:50 ( 예706 )
본과정,실용음악과,전공실기III,145,송지현,2,전공과정,1,목 11:00 - 11:50 ( 예706 )
본과정,실용음악과,전공실기III,146,송지현,2,전공과정,1,목 14:00 - 14:50 ( 예706 )
본과정,실용음악과,전공실기III,147,송지현,2,전공과정,1,수 11:00 - 11:50 ( 예706 )
본과정,실용음악과,전공실기III,148,전세진,2,전공과정,1,수 15:00 - 15:50 ( 예B211 )
본과정,실용음악과,전공실기III,149,전세진,2,전공과정,1,수 17:00 - 17:50 ( 예B211 )
본과정,실용음악과,전공실기III,150,전세진,2,전공과정,1,목 16:00 - 16:50 ( 예B211 )
본과정,실용음악과,전공실기III,151,전세진,2,전공과정,1,목 17:00 - 17:50 ( 예B211 )
본과정,실용음악과,전공실기III,152,조훈,2,전공과정,1,수 14:00 - 14:50 ( 예806 )
본과정,실용음악과,전공실기III,153,조훈,2,전공과정,1,수 15:00 - 15:50 ( 예806 )
본과정,실용음악과,전공실기III,154,진가람,2,전공과정,1,월 12:00 - 12:50 ( 예706 )
본과정,실용음악과,전공실기III,155,진가람,2,전공과정,1,월 13:00 - 13:50 ( 예706 )
본과정,실용음악과,전공실기III,156,차태휘,2,전공과정,1,화 11:00 - 11:50 ( 예706 )
본과정,실용음악과,전공실기III,157,차태휘,2,전공과정,1,화 12:00 - 12:50 ( 예706 )
본과정,실용음악과,전공실기III,158,차태휘,2,전공과정,1,화 13:00 - 13:50 ( 예706 )
본과정,실용음악과,전공실기III,161,신성진,2,전공과정,1,월 12:00 - 12:50 ( 예806 )
본과정,실용음악과,전공실기III,162,신성진,2,전공과정,1,월 13:00 - 13:50 ( 예806 )
본과정,실용음악과,졸업연주캡스톤디자인I,101,양재인,2,전공과정,2,월 16:00 - 16:50 ( 예805 )  월 17:00 - 17:50 ( 예805 )
본과정,실용음악과,졸업연주캡스톤디자인I,102,조훈,2,전공과정,2,수 16:00 - 16:50 ( 예805 )  수 17:00 - 17:50 ( 예805 )
본과정,실용음악과,졸업연주캡스톤디자인I,103,이형탁,2,전공과정,2,목 16:00 - 16:50 ( 예805 )  목 17:00 - 17:50 ( 예805 )
본과정,실용음악과,컴퓨터음악I,101,박훈민,2,전공과정,2,화 10:00 - 10:50 ( 예802 )  화 11:00 - 11:50 ( 예802 )
본과정,실용음악과,컴퓨터음악I,102,박훈민,2,전공과정,2,화 12:00 - 12:50 ( 예802 )  화 13:00 - 13:50 ( 예802 )
본과정,실용음악과,컴퓨터음악I,103,박훈민,2,전공과정,2,화 14:00 - 14:50 ( 예802 )  화 15:00 - 15:50 ( 예802 )
본과정,실용음악과,합주실기Ⅲ,101,진가람,2,전공과정,2,화 14:00 - 14:50 ( 예B213 )  화 15:00 - 15:50 ( 예B213 )
본과정,실용음악과,합주실기Ⅲ,102,황정관,2,전공과정,2,화 16:00 - 16:50 ( 예B213 )  화 17:00 - 17:50 ( 예B213 )
본과정,연극영상학과,기초연기,101,박은주,1,전공과정,3,월 12:00 - 12:50 ( 본903 )  월 13:00 - 13:50 ( 본903 )  월 14:00 - 14:50 ( 본903 )
본과정,연극영상학과,기초연기,102,백석현,1,전공과정,3,금 12:00 - 12:50 ( 본903 )  금 13:00 - 13:50 ( 본903 )  금 14:00 - 14:50 ( 본903 )
본과정,연극영상학과,기초연기,103,백석현,1,전공과정,3,수 12:00 - 12:50 ( 본903 )  수 13:00 - 13:50 ( 본903 )  수 14:00 - 14:50 ( 본903 )
본과정,연극영상학과,매체연기I,101,김유석,1,전공과정,3,목 15:00 - 15:50 ( 본903 )  목 16:00 - 16:50 ( 본903 )  목 17:00 - 17:50 ( 본903 )
본과정,연극영상학과,매체연기I,102,김유석,1,전공과정,3,목 12:00 - 12:50 ( 본903 )  목 13:00 - 13:50 ( 본903 )  목 14:00 - 14:50 ( 본903 )
본과정,연극영상학과,뮤지컬레파토리Ⅰ,101,윤도근,1,전공과정,3,수 12:00 - 12:50 ( 본801 )  수 13:00 - 13:50 ( 본801 )  수 14:00 - 14:50 ( 본801 )
본과정,연극영상학과,뮤지컬레파토리Ⅰ,102,윤도근,1,전공과정,3,화 09:00 - 09:50 ( 본902 )  화 10:00 - 10:50 ( 본902 )  화 11:00 - 11:50 ( 본902 )
본과정,연극영상학과,뮤지컬레파토리Ⅰ,103,윤도근,1,전공과정,3,수 09:00 - 09:50 ( 본801 )  수 10:00 - 10:50 ( 본801 )  수 11:00 - 11:50 ( 본801 )
본과정,연극영상학과,발성과발음I,101,김영신,1,전공과정,3,화 09:00 - 09:50 ( 본801 )  화 10:00 - 10:50 ( 본801 )  화 11:00 - 11:50 ( 본801 )
본과정,연극영상학과,발성과발음I,102,김영신,1,전공과정,3,월 09:00 - 09:50 ( 본801 )  월 10:00 - 10:50 ( 본801 )  월 11:00 - 11:50 ( 본801 )
본과정,연극영상학과,발성과발음I,103,김영신,1,전공과정,3,월 12:00 - 12:50 ( 본801 )  월 13:00 - 13:50 ( 본801 )  월 14:00 - 14:50 ( 본801 )
본과정,연극영상학과,신체훈련I,101,최용호,1,전공과정,3,수 15:00 - 15:50 ( 본902 )  수 16:00 - 16:50 ( 본902 )  수 17:00 - 17:50 ( 본902 )
본과정,연극영상학과,신체훈련I,102,최용호,1,전공과정,3,수 12:00 - 12:50 ( 본902 )  수 13:00 - 13:50 ( 본902 )  수 14:00 - 14:50 ( 본902 )
본과정,연극영상학과,연극개론I,101,권경희,1,전공과정,3,화 12:00 - 12:50 ( 본806 )  화 13:00 - 13:50 ( 본806 )  화 14:00 - 14:50 ( 본806 )
본과정,연극영상학과,연극개론I,102,권경희,1,전공과정,3,수 15:00 - 15:50 ( 본806 )  수 16:00 - 16:50 ( 본806 )  수 17:00 - 17:50 ( 본806 )
본과정,연극영상학과,영상예술개론Ⅰ,101,김유석,1,전공과정,3,금 15:00 - 15:50 ( 본806 )  금 16:00 - 16:50 ( 본806 )  금 17:00 - 17:50 ( 본806 )
본과정,연극영상학과,영상예술개론Ⅰ,102,김유석,1,전공과정,3,금 12:00 - 12:50 ( 본806 )  금 13:00 - 13:50 ( 본806 )  금 14:00 - 14:50 ( 본806 )
본과정,연극영상학과,영상창작기술Ⅰ,101,박성환,1,교양과정,3,목 09:00 - 09:50 ( 본801 )  목 10:00 - 10:50 ( 본801 )  목 11:00 - 11:50 ( 본801 )
본과정,연극영상학과,영상창작기술Ⅰ,102,박성환,1,교양과정,3,금 15:00 - 15:50 ( 본801 )  금 16:00 - 16:50 ( 본801 )  금 17:00 - 17:50 ( 본801 )
본과정,연극영상학과,재즈와발레I,101,이상기,1,전공과정,3,목 12:00 - 12:50 ( 본901 )  목 13:00 - 13:50 ( 본901 )  목 14:00 - 14:50 ( 본901 )
본과정,연극영상학과,재즈와발레I,102,이상기,1,전공과정,3,목 15:00 - 15:50 ( 본901 )  목 16:00 - 16:50 ( 본901 )  목 17:00 - 17:50 ( 본901 )
본과정,연극영상학과,공연창작융합캡스톤디자인실습Ⅰ,101,백석현,2,통합전공교과,3,수 15:00 - 15:50 ( 본903 )  수 16:00 - 16:50 ( 본903 )  수 17:00 - 17:50 ( 본903 )
본과정,연극영상학과,극장일반상식I,101,이재욱,2,전공과정,3,화 15:00 - 15:50 ( 본801 )  화 16:00 - 16:50 ( 본801 )  화 17:00 - 17:50 ( 본801 )
본과정,연극영상학과,극장일반상식I,102,이재욱,2,전공과정,3,화 12:00 - 12:50 ( 본801 )  화 13:00 - 13:50 ( 본801 )  화 14:00 - 14:50 ( 본801 )
본과정,연극영상학과,세계연극사I,101,임선경,2,전공과정,3,화 12:00 - 12:50 ( 본803 )  화 13:00 - 13:50 ( 본803 )  화 14:00 - 14:50 ( 본803 )
본과정,연극영상학과,세계연극사I,102,임선경,2,전공과정,3,화 09:00 - 09:50 ( 본803 )  화 10:00 - 10:50 ( 본803 )  화 11:00 - 11:50 ( 본803 )
본과정,연극영상학과,소리와리듬I,101,배원정,2,전공과정,3,수 12:00 - 12:50 ( 사B202 )  수 13:00 - 13:50 ( 사B202 )  수 14:00 - 14:50 ( 사B202 )
본과정,연극영상학과,소리와리듬I,102,배원정,2,전공과정,3,월 09:00 - 09:50 ( 사B202 )  월 10:00 - 10:50 ( 사B202 )  월 11:00 - 11:50 ( 사B202 )
본과정,연극영상학과,영상연기I,101,박은주,2,전공과정,3,금 12:00 - 12:50 ( 본902 )  금 13:00 - 13:50 ( 본902 )  금 14:00 - 14:50 ( 본902 )
본과정,연극영상학과,영상연기I,102,김유석,2,전공과정,3,화 15:00 - 15:50 ( 본903 )  화 16:00 - 16:50 ( 본903 )  화 17:00 - 17:50 ( 본903 )
본과정,연극영상학과,영상제작실습I,101,이상기,2,전공과정,3,월 12:00 - 12:50 ( 본806 )  월 13:00 - 13:50 ( 본806 )  월 14:00 - 14:50 ( 본806 )
본과정,연극영상학과,영상제작실습I,102,이상기,2,전공과정,3,월 15:00 - 15:50 ( 본806 )  월 16:00 - 16:50 ( 본806 )  월 17:00 - 17:50 ( 본806 )
본과정,연극영상학과,즉흥연기I,101,최용진,2,전공과정,3,월 15:00 - 15:50 ( 본802 )  월 16:00 - 16:50 ( 본802 )  월 17:00 - 17:50 ( 본802 )
본과정,연극영상학과,즉흥연기I,102,최용진,2,전공과정,3,월 12:00 - 12:50 ( 본802 )  월 13:00 - 13:50 ( 본802 )  월 14:00 - 14:50 ( 본802 )
본과정,연극영상학과,현대무용Ⅰ,101,김봉순,2,전공과정,3,화 09:00 - 09:50 ( 본802 )  화 10:00 - 10:50 ( 본802 )  화 11:00 - 11:50 ( 본802 )
본과정,연극영상학과,현대무용Ⅰ,102,김봉순,2,전공과정,3,수 09:00 - 09:50 ( 본802 )  수 10:00 - 10:50 ( 본802 )  수 11:00 - 11:50 ( 본802 )
본과정,연극영상학과,화술Ⅰ,101,김문희,2,전공과정,3,금 15:00 - 15:50 ( 본901 )  금 16:00 - 16:50 ( 본901 )  금 17:00 - 17:50 ( 본901 )
본과정,연극영상학과,화술Ⅰ,102,김문희,2,전공과정,3,금 12:00 - 12:50 ( 본901 )  금 13:00 - 13:50 ( 본901 )  금 14:00 - 14:50 ( 본901 )
본과정,연극영상학과,공연연출실습,101,김은영,3,전공과정,3,화 15:00 - 15:50 ( 본902 )  화 16:00 - 16:50 ( 본902 )  화 17:00 - 17:50 ( 본902 )
본과정,연극영상학과,공연연출실습,102,김은영,3,전공과정,3,목 12:00 - 12:50 ( 본902 )  목 13:00 - 13:50 ( 본902 )  목 14:00 - 14:50 ( 본902 )
본과정,연극영상학과,공연창작융합캡스톤디자인실습Ⅲ,101,박은주,3,통합전공교과,3,금 15:00 - 15:50 ( 본903 )  금 16:00 - 16:50 ( 본903 )  금 17:00 - 17:50 ( 본903 )
본과정,연극영상학과,뮤지컬댄스Ⅰ,101,명진우,3,전공과정,3,월 15:00 - 15:50 ( 본902 )  월 16:00 - 16:50 ( 본902 )  월 17:00 - 17:50 ( 본902 )
본과정,연극영상학과,뮤지컬댄스Ⅰ,102,명진우,3,전공과정,3,월 12:00 - 12:50 ( 본902 )  월 13:00 - 13:50 ( 본902 )  월 14:00 - 14:50 ( 본902 )
본과정,연극영상학과,뮤지컬앙상블Ⅰ,101,조영해,3,전공과정,3,화 12:00 - 12:50 ( 본802 )  화 13:00 - 13:50 ( 본802 )  화 14:00 - 14:50 ( 본802 )
본과정,연극영상학과,뮤지컬앙상블Ⅰ,102,조영해,3,전공과정,3,화 15:00 - 15:50 ( 본802 )  화 16:00 - 16:50 ( 본802 )  화 17:00 - 17:50 ( 본802 )
본과정,연극영상학과,배우취업역량강화를위한오디션실습Ⅰ,101,천효범,3,전공과정,3,월 12:00 - 12:50 ( 본901 )  월 13:00 - 13:50 ( 본901 )  월 14:00 - 14:50 ( 본901 )
본과정,연극영상학과,배우취업역량강화를위한오디션실습Ⅰ,102,천효범,3,전공과정,3,월 15:00 - 15:50 ( 본901 )  월 16:00 - 16:50 ( 본901 )  월 17:00 - 17:50 ( 본901 )
본과정,연극영상학과,스타일연기I,101,권경희,3,전공과정,3,목 15:00 - 15:50 ( 본802 )  목 16:00 - 16:50 ( 본802 )  목 17:00 - 17:50 ( 본802 )
본과정,연극영상학과,영화제작실습I,101,임찬익,3,통합전공교과,3,수 09:00 - 09:50 ( 본806 )  수 10:00 - 10:50 ( 본806 )  수 11:00 - 11:50 ( 본806 )
본과정,연극영상학과,영화제작실습I,102,임찬익,3,통합전공교과,3,수 12:00 - 12:50 ( 본806 )  수 13:00 - 13:50 ( 본806 )  수 14:00 - 14:50 ( 본806 )
본과정,연극영상학과,장면연기개별실습Ⅰ,101,김은영,3,전공과정,3,수 12:00 - 12:50 ( 본901 )  수 13:00 - 13:50 ( 본901 )  수 14:00 - 14:50 ( 본901 )
본과정,연극영상학과,장면연기개별실습Ⅰ,102,김은영,3,전공과정,3,수 15:00 - 15:50 ( 본901 )  수 16:00 - 16:50 ( 본901 )  수 17:00 - 17:50 ( 본901 )
본과정,부동산경영학과,도시재생론,101,이상훈,2,전공과정,3,목 14:00 - 14:50 ( 본603 )  목 15:00 - 15:50 ( 본603 )  목 16:00 - 16:50 ( 본603 )
본과정,부동산경영학과,부동산권리분석론,101,임병연,2,전공과정,3,화 10:00 - 10:50 ( 본613 )  화 11:00 - 11:50 ( 본613 )  화 12:00 - 12:50 ( 본613 )
본과정,부동산경영학과,부동산자산관리론,101,김종경,2,전공과정,3,목 10:00 - 10:50 ( 본603 )  목 11:00 - 11:50 ( 본603 )  목 12:00 - 12:50 ( 본603 )
본과정,부동산경영학과,상업용부동산금융론,101,이석희,2,전공과정,3,화 14:00 - 14:50 ( 본613 )  화 15:00 - 15:50 ( 본613 )  화 16:00 - 16:50 ( 본613 )
본과정,통합전공,AI기반창업아이디어보호,501,장우순,1,통합전공교과,2,원격시험 배정시간  토 10:00 - 10:50 (  )  토 11:00 - 11:50 (  )
본과정,통합전공,AI와마케팅커뮤니케이션,801,이모란,1,통합전공교과,3,수 15:00 - 15:50 ( 사B202 )  수 16:00 - 16:50 ( 사B202 )  수 17:00 - 17:50 ( 사B202 )
본과정,통합전공,AI프로그래밍기초,101,백재순,1,통합전공교과,3,원격시험 배정시간  화 13:00 - 13:50 (  )  화 14:00 - 14:50 (  )
본과정,통합전공,디자인씽킹,101,장의숙,1,통합전공교과,2,목 14:00 - 14:50 ( 예215 )  목 15:00 - 15:50 ( 예215 )
본과정,통합전공,디자인씽킹,102,이후린,1,통합전공교과,2,수 10:00 - 10:50 ( 예201 )  수 11:00 - 11:50 ( 예201 )
본과정,통합전공,디자인씽킹,103,이후린,1,통합전공교과,2,수 14:00 - 14:50 ( 예201 )  수 15:00 - 15:50 ( 예201 )
본과정,통합전공,디자인씽킹,501,장우순,1,통합전공교과,2,화 10:00 - 10:50 ( 본507 )  화 11:00 - 11:50 ( 본507 )
본과정,통합전공,퍼스널컬러와AI활용스타일링,801,정다운,1,통합전공교과,3,월 15:00 - 15:50 ( 사B202 )  월 16:00 - 16:50 ( 사B202 )  월 17:00 - 17:50 ( 사B202 )
본과정,통합전공,AI공학캡스톤디자인,101,오석,2,통합전공교과,2,월 14:00 - 14:50 ( 공801 )  월 15:00 - 15:50 ( 공801 )
본과정,통합전공,AI공학캡스톤디자인,102,선우철수,2,통합전공교과,2,수 13:00 - 13:50 ( 본507 )  수 14:00 - 14:50 ( 본507 )
본과정,통합전공,AI공학캡스톤디자인,801,김학수,2,통합전공교과,2,화 16:00 - 16:50 ( 공202 )  화 17:00 - 17:50 ( 공202 )
본과정,통합전공,AI융합캡스톤디자인,101,고경희,2,통합전공교과,2,수 13:00 - 13:50 ( 교503 )  수 14:00 - 14:50 ( 교503 )
본과정,통합전공,AI융합캡스톤디자인,102,장우순,2,통합전공교과,2,수 09:25 - 10:25 ( 본507 )  수 10:25 - 11:25 ( 본507 )
본과정,통합전공,AI융합캡스톤디자인,501,양미현,2,통합전공교과,2,수 15:25 - 16:25 ( 교306 )  수 16:25 - 17:25 ( 교306 )
본과정,통합전공,AI창의캡스톤디자인,101,이은정,2,통합전공교과,2,화 10:00 - 10:50 ( 사601 )  화 11:00 - 11:50 ( 사601 )
본과정,통합전공,AI창의캡스톤디자인,102,조안나,2,통합전공교과,2,화 11:00 - 11:50 ( 사609 )  화 12:00 - 12:50 ( 사609 )
본과정,통합전공,AI창의캡스톤디자인,103,김선경,2,통합전공교과,2,화 11:00 - 11:50 ( 사B105 )  화 12:00 - 12:50 ( 사B105 )
본과정,통합전공,AI창의캡스톤디자인,104,안현균,2,통합전공교과,2,목 13:00 - 13:50 ( 예401 )  목 14:00 - 14:50 ( 예401 )
본과정,통합전공,실전창업1,101,정기수,2,통합전공교과,3,목 15:00 - 15:50 ( 공806 )  목 16:00 - 16:50 ( 공806 )  목 17:00 - 17:50 ( 공806 )
본과정,통합전공,창업캡스톤디자인1,101,정기수,2,통합전공교과,3,목 12:00 - 12:50 ( 공806 )  목 13:00 - 13:50 ( 공806 )  목 14:00 - 14:50 ( 공806 )
본과정,통합전공,창업캡스톤디자인1,503,장우순,2,통합전공교과,3,화 14:00 - 14:50 ( 공505 )  화 15:00 - 15:50 ( 공505 )  화 16:00 - 16:50 ( 공505 )
본과정,교양,53개아이디어로읽는교양건축,801,태영란,1,교양과정,1,원격시험 배정시간
본과정,교양,"AI,인간,그리고사회",801,이모란,1,교양과정,3,원격시험 배정시간  금 09:00 - 09:50 ( 사B202 )  금 10:00 - 10:50 ( 사B202 )  금 11:00 - 11:50 ( 사B202 )
본과정,교양,AI·DX데이터로보는세상,801,백재순,1,교양과정,1,원격시험 배정시간
본과정,교양,"AI·DX딥러닝,뇌를닮은알고리즘",801,백재순,1,교양과정,1,원격시험 배정시간
본과정,교양,AI·DX생성형인공지능과나의일상,801,백재순,1,교양과정,1,원격시험 배정시간
본과정,교양,"AI·DX인공지능,처음만나다",801,백재순,1,교양과정,1,원격시험 배정시간
본과정,교양,AI·DX활용능력Ⅰ-1,801,백재순,1,교양과정,2,원격시험 배정시간
본과정,교양,AI·DX활용능력Ⅰ-2,801,백재순,1,교양과정,2,원격시험 배정시간
본과정,교양,AI·DX활용능력Ⅰ-3,801,백재순,1,교양과정,2,원격시험 배정시간
본과정,교양,AI·DX활용능력Ⅰ-4,801,백재순,1,교양과정,2,원격시험 배정시간
본과정,교양,AI·DX활용능력Ⅰ-5,801,백재순,1,교양과정,2,원격시험 배정시간
본과정,교양,AI기반디지털리터러시,801,장우순,1,교양과정,2,원격시험 배정시간  금 14:00 - 14:50 ( 공708 )  금 15:00 - 15:50 ( 공708 )
본과정,교양,AI를활용한논리적글쓰기,801,남미영,1,교양과정,2,원격시험 배정시간  금 10:00 - 10:50 ( 공114 )  금 11:00 - 11:50 ( 공114 )
본과정,교양,AI를활용한프레젠테이션잘하기,801,탁진규,1,교양과정,2,원격시험 배정시간  금 12:00 - 12:50 ( 공605 )  금 13:00 - 13:50 ( 공605 )
본과정,교양,AI시대예술로읽는패션사,801,정다운,1,교양과정,3,원격시험 배정시간  월 18:00 - 18:45 ( 사B202 )  월 18:50 - 19:35 ( 사B202 )  월 19:40 - 20:25 ( 사B202 )
본과정,교양,AI시대의철학과심리,801,이나라,1,교양과정,2,원격시험 배정시간  금 12:00 - 12:50 ( 예B111 )  금 13:00 - 13:50 ( 예B111 )
본과정,교양,AI시대청년창업,801,장우순,1,교양과정,2,원격시험 배정시간  금 10:00 - 10:50 ( 공708 )  금 11:00 - 11:50 ( 공708 )
본과정,교양,AI와마케팅기초,801,이모란,1,교양과정,3,원격시험 배정시간  금 18:00 - 18:45 ( 본510 )  금 18:50 - 19:35 ( 본510 )  금 19:40 - 20:25 ( 본510 )
본과정,교양,AI활용기초중국어,801,강태월,1,교양과정,1,원격시험 배정시간
본과정,교양,AI활용창의융합형리빙랩,801,탁진규,1,교양과정,2,원격시험 배정시간
본과정,교양,ESG와환경,801,신평우,1,교양과정,2,원격시험 배정시간  금 16:00 - 16:50 ( 본510 )  금 17:00 - 17:50 ( 본510 )
본과정,교양,TOPIK한국어활용,801,김경미,1,교양과정,2,금 10:00 - 10:50 ( 공507 )  금 11:00 - 11:50 ( 공507 )
본과정,교양,교양건축과문화,801,태영란,1,교양과정,1,원격시험 배정시간
본과정,교양,교양건축과안목,801,태영란,1,교양과정,1,원격시험 배정시간
본과정,교양,교양건축학개론,801,태영란,1,교양과정,1,원격시험 배정시간
본과정,교양,기술능력,801,이종배,1,교양과정,2,원격시험 배정시간  금 12:00 - 12:50 ( 사B202 )  금 13:00 - 13:50 ( 사B202 )
본과정,교양,대인관계능력,801,홍충선,1,교양과정,2,원격시험 배정시간  금 14:00 - 14:50 ( 사B101 )  금 15:00 - 15:50 ( 사B101 )
본과정,교양,독서와토론,101,남미영,1,교양과정,2,금 12:00 - 12:50 ( 공505 )  금 13:00 - 13:50 ( 공505 )
본과정,교양,문제해결능력,801,태영란,1,교양과정,2,원격시험 배정시간  금 10:00 - 10:50 ( 사B101 )  금 11:00 - 11:50 ( 사B101 )
본과정,교양,미술로읽는성경,801,정은미,1,교양과정,2,원격시험 배정시간  금 14:00 - 14:50 ( 예B111 )  금 15:00 - 15:50 ( 예B111 )
본과정,교양,미술의이해,801,정은미,1,교양과정,2,원격시험 배정시간  금 16:00 - 16:50 ( 예B111 )  금 17:00 - 17:50 ( 예B111 )
본과정,교양,봉사하는삶,101,이동준,1,교양과정,1,토 11:00 - 11:50 ( 사B101 )  토 12:00 - 12:50 ( 사B101 )
본과정,교양,비즈니스커뮤니케이션스킬,801,이모란,1,교양과정,3,원격시험 배정시간  금 15:00 - 15:50 ( 공607 )  금 16:00 - 16:50 ( 공607 )  금 17:00 - 17:50 ( 공607 )
본과정,교양,사회적가치실현,801,홍충선,1,교양과정,1,원격시험 배정시간  금 10:00 - 10:50 ( 본801 )
본과정,교양,삶과법,101,김기진,1,교양과정,2,금 14:00 - 14:50 ( 공205 )  금 15:00 - 15:50 ( 공205 )
본과정,교양,색채심리와현대생활,801,정다운,1,교양과정,3,원격시험 배정시간  수 18:00 - 18:45 ( 사B202 )  수 18:50 - 19:35 ( 사B202 )  수 19:40 - 20:25 ( 사B202 )
본과정,교양,생활속심리와학습이야기,801,,1,교양과정,2, 
본과정,교양,생활속중국어표현법,801,강태월,1,교양과정,1,원격시험 배정시간
본과정,교양,생활스포츠,101,김영준,1,교양과정,2,수 10:00 - 10:50 ( 예308 )  수 11:00 - 11:50 ( 예308 )
본과정,교양,생활스포츠,102,심경난,1,교양과정,2,수 12:00 - 12:50 ( 예B210 )  수 13:00 - 13:50 ( 예B210 )
본과정,교양,생활스포츠,103,황규정,1,교양과정,2,수 12:00 - 12:50 ( 예B203 )  수 13:00 - 13:50 ( 예B203 )
본과정,교양,생활스포츠,104,김무진,1,교양과정,2,금 10:00 - 10:50 ( 예308 )  금 11:00 - 11:50 ( 예308 )
본과정,교양,생활스포츠,105,김원배,1,교양과정,2,금 14:00 - 14:50 ( 예B203 )  금 15:00 - 15:50 ( 예B203 )
본과정,교양,생활영어,101,이형묵,1,교양필수,2,금 10:00 - 10:50 ( 공707 )  금 11:00 - 11:50 ( 공707 )
본과정,교양,생활영어,102,이형묵,1,교양필수,2,금 14:00 - 14:50 ( 공707 )  금 15:00 - 15:50 ( 공707 )
본과정,교양,생활영어,103,이형묵,1,교양필수,2,금 16:00 - 16:50 ( 공707 )  금 17:00 - 17:50 ( 공707 )
본과정,교양,생활일본어,101,이미령,1,교양과정,2,금 10:00 - 10:50 ( 공706 )  금 11:00 - 11:50 ( 공706 )
본과정,교양,생활일본어,102,이미령,1,교양과정,2,금 14:00 - 14:50 ( 공706 )  금 15:00 - 15:50 ( 공706 )
본과정,교양,생활중국어Ⅰ-1,801,강태월,1,교양과정,2,원격시험 배정시간
본과정,교양,생활중국어Ⅰ-2,801,강태월,1,교양과정,2,원격시험 배정시간
본과정,교양,생활중국어Ⅰ-3,801,강태월,1,교양과정,2,원격시험 배정시간
본과정,교양,생활중국어Ⅰ-4,801,강태월,1,교양과정,2,원격시험 배정시간
본과정,교양,생활중국어Ⅰ-5,801,강태월,1,교양과정,2,원격시험 배정시간
본과정,교양,생활중국어Ⅰ-6,801,강태월,1,교양과정,2,원격시험 배정시간
본과정,교양,성경과삶,801,이승문,1,교양필수,2,원격시험 배정시간  화 18:00 - 18:45 ( 공B101 )
본과정,교양,성경과삶,802,이승문,1,교양필수,2,원격시험 배정시간  화 18:00 - 18:45 ( 공B101 )
본과정,교양,성경과삶,803,이승문,1,교양필수,2,원격시험 배정시간  화 18:00 - 18:45 ( 공B101 )
본과정,교양,성경과삶,804,이승문,1,교양필수,2,원격시험 배정시간  화 18:00 - 18:45 ( 공B101 )
본과정,교양,성경과삶,805,이수광,1,교양필수,2,원격시험 배정시간  화 18:50 - 19:35 ( 공B101 )
본과정,교양,성경과삶,806,김한나,1,교양필수,2,원격시험 배정시간  화 18:50 - 19:35 ( 공B101 )
본과정,교양,성경과삶,807,김한나,1,교양필수,2,원격시험 배정시간  화 18:50 - 19:35 ( 공B101 )
본과정,교양,소비자행동과심리이해,801,이모란,1,교양과정,3,원격시험 배정시간  금 12:00 - 12:50 ( 공607 )  금 13:00 - 13:50 ( 공607 )  금 14:00 - 14:50 ( 공607 )
본과정,교양,소셜미디어와패션트렌드,801,정다운,1,교양과정,3,원격시험 배정시간  목 18:00 - 18:45 ( 사B202 )  목 18:50 - 19:35 ( 사B202 )  목 19:40 - 20:25 ( 사B202 )
본과정,교양,소자본창업실무,801,선우철수,1,교양과정,2,원격시험 배정시간  금 16:00 - 16:50 ( 공505 )  금 17:00 - 17:50 ( 공505 )
본과정,교양,수리능력,801,장규호,1,교양과정,2,원격시험 배정시간  금 12:00 - 12:50 ( 본510 )  금 13:00 - 13:50 ( 본510 )
본과정,교양,스마트중국어회화,801,강태월,1,교양과정,1,원격시험 배정시간
본과정,교양,스타트업창업과CEO의역량,101,선우철수,1,교양과정,2,금 10:00 - 10:50 ( 공505 )  금 11:00 - 11:50 ( 공505 )
본과정,교양,실용금융,101,양정석,1,교양과정,2,수 10:00 - 10:50 ( 공505 )  수 11:00 - 11:50 ( 공505 )
본과정,교양,음악과힐링,101,박은재,1,교양과정,2,금 12:00 - 12:50 ( 공508 )  금 13:00 - 13:50 ( 공508 )
본과정,교양,음악과힐링,102,박은재,1,교양과정,2,금 14:00 - 14:50 ( 공508 )  금 15:00 - 15:50 ( 공508 )
본과정,교양,음악과힐링,103,박은재,1,교양과정,2,금 16:00 - 16:50 ( 공508 )  금 17:00 - 17:50 ( 공508 )
본과정,교양,의사소통능력,801,탁진규,1,교양과정,2,원격시험 배정시간  금 12:00 - 12:50 ( 사B101 )  금 13:00 - 13:50 ( 사B101 )
본과정,교양,인문기초소양(철학),801,남미영,1,교양과정,1,원격시험 배정시간  금 14:00 - 14:50 ( 공114 )
본과정,교양,인성채플,101,강남철,1,교양필수,1,금 10:00 - 10:50 ( 공B101 )
본과정,교양,인성채플,102,강남철,1,교양필수,1,금 11:00 - 11:50 ( 공B101 )
본과정,교양,인성채플,103,이수광,1,교양필수,1,목 15:00 - 15:50 ( 공B101 )
본과정,교양,인성채플,104,이수광,1,교양필수,1,목 16:00 - 16:50 ( 공B101 )
본과정,교양,인성채플,105,이수광,1,교양필수,1,목 17:00 - 17:50 ( 공B101 )
본과정,교양,인성채플,106,이경교,1,교양필수,1,금 14:00 - 14:50 ( 공B101 )
본과정,교양,인성채플,107,이수광,1,교양필수,1,금 15:00 - 15:50 ( 공B101 )
본과정,교양,인성채플,108,이수광,1,교양필수,1,목 14:00 - 14:50 ( 공B101 )
본과정,교양,일상과함께하는교양건축Ⅰ-1,801,태영란,1,교양과정,2,원격시험 배정시간
본과정,교양,일상과함께하는교양건축Ⅰ-2,801,태영란,1,교양과정,2,원격시험 배정시간
본과정,교양,일상과함께하는교양건축Ⅰ-3,801,태영란,1,교양과정,2,원격시험 배정시간
본과정,교양,일상과함께하는교양건축Ⅰ-4,801,태영란,1,교양과정,2,원격시험 배정시간
본과정,교양,일상과함께하는교양건축Ⅰ-5,801,태영란,1,교양과정,2,원격시험 배정시간
본과정,교양,일상과함께하는교양건축Ⅰ-6,801,태영란,1,교양과정,2,원격시험 배정시간
본과정,교양,일상과함께하는교양건축Ⅱ-4,801,태영란,1,교양과정,3,원격시험 배정시간
본과정,교양,자기개발능력,801,신평우,1,교양과정,2,원격시험 배정시간  금 10:00 - 10:50 ( 본510 )  금 11:00 - 11:50 ( 본510 )
본과정,교양,자원관리능력,801,신평우,1,교양과정,2,원격시험 배정시간  금 14:00 - 14:50 ( 사B202 )  금 15:00 - 15:50 ( 사B202 )
본과정,교양,정보능력,801,이형묵,1,교양과정,2,원격시험 배정시간  금 14:00 - 14:50 ( 본510 )  금 15:00 - 15:50 ( 본510 )
본과정,교양,조직이해능력,801,탁진규,1,교양과정,2,원격시험 배정시간  금 16:00 - 16:50 ( 사B202 )  금 17:00 - 17:50 ( 사B202 )
본과정,교양,직업윤리,801,홍충선,1,교양과정,2,원격시험 배정시간  금 16:00 - 16:50 ( 사B101 )  금 17:00 - 17:50 ( 사B101 )
본과정,교양,진로탐색과자기계발,801,최우식,1,교양과정,2,원격시험 배정시간
본과정,교양,진로탐색과자기계발,802,김상균,1,교양과정,2,원격시험 배정시간
본과정,교양,진로탐색과자기계발,803,우선희,1,교양과정,2,원격시험 배정시간
본과정,교양,진로탐색과자기계발,804,박양주,1,교양과정,2,원격시험 배정시간
본과정,교양,취업역량과경력개발,801,최우식,1,교양과정,2,원격시험 배정시간
본과정,교양,취업역량과경력개발,802,김상균,1,교양과정,2,원격시험 배정시간
본과정,교양,취업역량과경력개발,803,우선희,1,교양과정,2,원격시험 배정시간
본과정,교양,취업역량과경력개발,804,박양주,1,교양과정,2,원격시험 배정시간
본과정,교양,캠퍼스웰니스프로젝트,801,정영수,1,교양과정,2,원격시험 배정시간
본과정,교양,컴퓨터활용기초,801,김선희,1,교양과정,2,수 14:00 - 14:50 ( 본504 )  수 15:00 - 15:50 ( 본504 )
본과정,교양,컴퓨터활용기초,802,김선희,1,교양과정,2,수 16:00 - 16:50 ( 본504 )  수 17:00 - 17:50 ( 본504 )
본과정,교양,컴퓨터활용능력,801,김선희,1,교양과정,2,원격시험 배정시간  금 10:00 - 10:50 ( 공610 )  금 11:00 - 11:50 ( 공610 )
본과정,교양,컴퓨터활용능력,802,김선희,1,교양과정,2,원격시험 배정시간  금 12:00 - 12:50 ( 공610 )  금 13:00 - 13:50 ( 공610 )
본과정,교양,컴퓨터활용능력,804,이형묵,1,교양과정,2,원격시험 배정시간  금 16:00 - 16:50 ( 공114 )  금 17:00 - 17:50 ( 공114 )
본과정,교양,테마중국어,801,강태월,1,교양과정,1,원격시험 배정시간
본과정,교양,토익기초문법,801,최만심,1,교양과정,2,원격시험 배정시간  금 16:00 - 16:50 ( 본713 )  금 17:00 - 17:50 ( 본713 )
본과정,교양,토익리딩(R/C),801,최만심,1,교양과정,2,원격시험 배정시간  금 14:00 - 14:50 ( 본713 )  금 15:00 - 15:50 ( 본713 )
본과정,교양,토익청취(L/C),101,최만심,1,교양과정,2,금 10:00 - 10:50 ( 본713 )  금 11:00 - 11:50 ( 본713 )
본과정,교양,퍼스널컬러와AID스타일링,801,정다운,1,교양과정,3,원격시험 배정시간  금 18:00 - 18:45 ( 사B202 )  금 18:50 - 19:35 ( 사B202 )  금 19:40 - 20:25 ( 사B202 )
본과정,교양,현대패션브랜드,801,정다운,1,교양과정,3,원격시험 배정시간  금 09:00 - 09:50 ( 공105 )  금 10:00 - 10:50 ( 공105 )  금 11:00 - 11:50 ( 공105 )
본과정,자유전공학과,전공기초학문탐구,101,남미영,1,통합전공교과,1,원격시험 배정시간
본과정,자유전공학과,전공탐색동행세미나,101,태영란,1,통합전공교과,2,금 14:00 - 14:50 ( 본211 )  금 15:00 - 15:50 ( 본211 )
본과정,자유전공학과,전공탐색동행세미나,102,태영란,1,통합전공교과,2,금 16:00 - 16:50 ( 본211 )  금 17:00 - 17:50 ( 본211 )
본과정,자유전공학과,전공탐색동행세미나,103,정다운,1,통합전공교과,2,금 14:00 - 14:50 ( 본714 )  금 15:00 - 15:50 ( 본714 )
본과정,자유전공학과,전공탐색동행세미나,104,정다운,1,통합전공교과,2,금 16:00 - 16:50 ( 본714 )  금 17:00 - 17:50 ( 본714 )
조기취업형 계약학과,AI·빅데이터학과,C언어Ⅰ,101,윤영현,1,전공과정,3,수 13:00 - 13:50 ( 공815 )  수 14:00 - 14:50 ( 공815 )  수 15:00 - 15:50 ( 공815 )
조기취업형 계약학과,AI·빅데이터학과,데이터베이스,101,오경조,1,전공과정,3,화 09:00 - 09:50 ( 공815 )  화 10:00 - 10:50 ( 공815 )  화 11:00 - 11:50 ( 공815 )
조기취업형 계약학과,AI·빅데이터학과,알고리즘,101,김대진,1,전공과정,3,월 13:00 - 13:50 ( 공815 )  월 14:00 - 14:50 ( 공815 )  월 15:00 - 15:50 ( 공815 )
조기취업형 계약학과,AI·빅데이터학과,캡스톤디자인Ⅰ,101,김성진,1,전공과정,3,월 09:00 - 09:50 ( 공815 )  월 10:00 - 10:50 ( 공815 )  월 11:00 - 11:50 ( 공815 )
조기취업형 계약학과,AI·빅데이터학과,컴퓨터비전,101,김성진,1,전공과정,3,화 13:00 - 13:50 ( 공815 )  화 14:00 - 14:50 ( 공815 )  화 15:00 - 15:50 ( 공815 )
조기취업형 계약학과,AI·빅데이터학과,파이썬프로그래밍,101,김성진,1,전공과정,3,목 09:00 - 09:50 ( 공815 )  목 10:00 - 10:50 ( 공815 )  목 11:00 - 11:50 ( 공815 )
조기취업형 계약학과,AI·빅데이터학과,IT사업화전략,801,김대진,2,전공과정,3,금 18:00 - 18:45 ( 예404 )  금 18:50 - 19:35 ( 예404 )  금 19:40 - 20:25 ( 예404 )
조기취업형 계약학과,AI·빅데이터학과,인간과컴퓨터상호작용,101,오경조,2,전공과정,3,토 12:00 - 12:50 ( 예404 )  토 13:00 - 13:50 ( 예404 )  토 14:00 - 14:50 ( 예404 )
조기취업형 계약학과,AI·빅데이터학과,인공지능,101,김대진,2,전공과정,3,토 09:00 - 09:50 ( 예404 )  토 10:00 - 10:50 ( 예404 )  토 11:00 - 11:50 ( 예404 )
조기취업형 계약학과,AI·빅데이터학과,인공지능진로의실제,801,김성진,2,전공과정,3,금 20:30 - 21:15 ( 예404 )  금 21:20 - 22:05 ( 예404 )  금 22:10 - 22:55 ( 예404 )
조기취업형 계약학과,AI·빅데이터학과,현장직무훈련 OJT,104,김성진,2,전공과정,3,월 09:00 - 09:50 ( 공815 )  월 10:00 - 10:50 ( 공815 )  월 11:00 - 11:50 ( 공815 )
조기취업형 계약학과,스마트건설공학과,BIM설계실무,801,고한승,2,통합전공교과,3,화 18:00 - 18:45 ( 예B120 )  화 18:50 - 19:35 ( 예B120 )  화 19:40 - 20:25 ( 예B120 )
조기취업형 계약학과,스마트건설공학과,도로종합설계실무,801,선우철수,2,전공과정,3,수 18:00 - 18:45 ( 예B120 )  수 18:50 - 19:35 ( 예B120 )  수 19:40 - 20:25 ( 예B120 )
조기취업형 계약학과,스마트건설공학과,드론영상3D모델링설계실무,801,곽강율,2,전공과정,3,화 20:30 - 21:15 ( 예B120 )  화 21:20 - 22:05 ( 예B120 )  화 22:10 - 22:55 ( 예B120 )
조기취업형 계약학과,스마트건설공학과,터널해석실무,801,조후연,2,전공과정,3,수 20:30 - 21:15 ( 예B120 )  수 21:20 - 22:05 ( 예B120 )  수 22:10 - 22:55 ( 예B120 )
조기취업형 계약학과,스마트건설공학과,현장직무훈련 OJT,801,김명배,2,전공과정,3,월 18:00 - 18:45 ( 예B120 )  월 18:50 - 19:35 ( 예B120 )  월 19:40 - 20:25 ( 예B120 )
조기취업형 계약학과,디지털콘텐츠융합과,디지털그래픽기초,101,강경화,1,전공과정,3,목 14:00 - 14:50 ( 예403 )  목 15:00 - 15:50 ( 예403 )  목 16:00 - 16:50 ( 예403 )
조기취업형 계약학과,디지털콘텐츠융합과,디지털마케팅이해,101,이아영,1,전공과정,3,목 10:00 - 10:50 ( 예403 )  목 11:00 - 11:50 ( 예403 )  목 12:00 - 12:50 ( 예403 )
조기취업형 계약학과,디지털콘텐츠융합과,디지털영상연출기초,101,강성남,1,전공과정,3,수 10:00 - 10:50 ( 예403 )  수 11:00 - 11:50 ( 예403 )  수 12:00 - 12:50 ( 예403 )
조기취업형 계약학과,디지털콘텐츠융합과,디지털영상편집기초,101,이제우,1,전공과정,3,수 14:00 - 14:50 ( 예403 )  수 15:00 - 15:50 ( 예403 )  수 16:00 - 16:50 ( 예403 )
조기취업형 계약학과,디지털콘텐츠융합과,디지털콘텐츠글쓰기실습,101,<퇴>유연정,1,전공과정,3,월 14:00 - 14:50 ( 예403 )  월 15:00 - 15:50 ( 예403 )  월 16:00 - 16:50 ( 예403 )
조기취업형 계약학과,디지털콘텐츠융합과,디지털콘텐츠트렌드이해,101,김두환,1,전공과정,3,화 09:00 - 09:50 ( 예403 )  화 10:00 - 10:50 ( 예403 )  화 11:00 - 11:50 ( 예403 )
조기취업형 계약학과,디지털콘텐츠융합과,디지털마케팅프로젝트,101,이아영,2,전공과정,3,토 09:00 - 09:50 ( 예403 )  토 10:00 - 10:50 ( 예403 )  토 11:00 - 11:50 ( 예403 )
조기취업형 계약학과,디지털콘텐츠융합과,디지털영상제작프로젝트,101,이제우,2,통합전공교과,3,토 15:00 - 15:50 ( 예403 )  토 16:00 - 16:50 ( 예403 )  토 17:00 - 17:50 ( 예403 )
조기취업형 계약학과,디지털콘텐츠융합과,디지털콘텐츠스튜디오,101,강경화,2,통합전공교과,3,토 12:00 - 12:50 ( 예403 )  토 13:00 - 13:50 ( 예403 )  토 14:00 - 14:50 ( 예403 )
조기취업형 계약학과,디지털콘텐츠융합과,생성형AI프롬프트실습,101,백재순,2,통합전공교과,3,원격시험 배정시간  목 11:25 - 12:25 ( 사103 )  목 12:25 - 13:25 ( 사103 )  목 13:25 - 14:25 ( 사103 )
조기취업형 계약학과,디지털콘텐츠융합과,현장직무훈련 OJT,101,이아영,2,전공과정,3,수 12:25 - 13:25 ( 사 )  수 13:25 - 14:25 ( 사 )  수 14:25 - 15:25 ( 사 )
조기취업형 계약학과,뮤직콘텐츠기획과,AI기반실용음악작곡,101,정홍림,1,전공과정,3,수 12:00 - 12:50 ( 사808 )  수 13:00 - 13:50 ( 사808 )  수 14:00 - 14:50 ( 사808 )
조기취업형 계약학과,뮤직콘텐츠기획과,AI아트워크,101,안종현,1,전공과정,3,금 12:00 - 12:50 ( 사808 )  금 13:00 - 13:50 ( 사808 )  금 14:00 - 14:50 ( 사808 )
조기취업형 계약학과,뮤직콘텐츠기획과,AI콘텐츠기획,101,유재선,1,전공과정,3,금 15:00 - 15:50 ( 사802 )  금 16:00 - 16:50 ( 사802 )  금 17:00 - 17:50 ( 사802 )
조기취업형 계약학과,뮤직콘텐츠기획과,대중음악론,101,윤영준,1,전공과정,3,수 15:00 - 15:50 ( 공507 )  수 16:00 - 16:50 ( 공507 )  수 17:00 - 17:50 ( 공507 )
조기취업형 계약학과,뮤직콘텐츠기획과,빅데이터기반홍보마케팅,101,이기호,1,전공과정,3,월 12:00 - 12:50 ( 사709 )  월 13:00 - 13:50 ( 사709 )  월 14:00 - 14:50 ( 사709 )
조기취업형 계약학과,뮤직콘텐츠기획과,실용음악기초이론,101,윤영준,1,전공과정,3,원격시험 배정시간  화 12:00 - 12:50 (  )  화 13:00 - 13:50 (  )  화 14:00 - 14:50 (  )
조기취업형 계약학과,뮤직콘텐츠기획과,IP계약관리실무,101,정홍림,2,전공과정,3,수 15:00 - 15:50 ( 사808 )  수 16:00 - 16:50 ( 사808 )  수 17:00 - 17:50 ( 사808 )
조기취업형 계약학과,뮤직콘텐츠기획과,실용음악제작2,101,윤영준,2,전공과정,3,월 15:00 - 15:50 ( 사709 )  월 16:00 - 16:50 ( 사709 )  월 17:00 - 17:50 ( 사709 )
조기취업형 계약학과,뮤직콘텐츠기획과,콘텐츠마케팅2,101,유재선,2,전공과정,3,월 12:00 - 12:50 ( 공507 )  월 13:00 - 13:50 ( 공507 )  월 14:00 - 14:50 ( 공507 )
조기취업형 계약학과,뮤직콘텐츠기획과,콘텐츠유통2,101,이기호,2,전공과정,3,수 12:00 - 12:50 ( 공507 )  수 13:00 - 13:50 ( 공507 )  수 14:00 - 14:50 ( 공507 )
조기취업형 계약학과,뮤직콘텐츠기획과,현장직무훈련 OJT,103,윤영준,2,전공과정,3,금 15:00 - 15:50 ( 사808 )  금 16:00 - 16:50 ( 사808 )  금 17:00 - 17:50 ( 사808 )
조기취업형 계약학과,스파·메디컬스킨케어과,기초메디컬스킨케어,101,김윤정,1,전공과정,2,수 16:00 - 16:50 ( 사B201 )  수 17:00 - 17:50 ( 사B201 )
조기취업형 계약학과,스파·메디컬스킨케어과,기초얼굴관리,101,김윤정,1,전공과정,3,목 10:00 - 10:50 ( 사701 )  목 11:00 - 11:50 ( 사701 )  목 12:00 - 12:50 ( 사701 )
조기취업형 계약학과,스파·메디컬스킨케어과,기초얼굴관리,102,김윤정,1,전공과정,3,화 14:00 - 14:50 ( 사701 )  화 15:00 - 15:50 ( 사701 )  화 16:00 - 16:50 ( 사701 )
조기취업형 계약학과,스파·메디컬스킨케어과,기초체형관리,101,김윤정,1,전공과정,3,수 09:25 - 10:25 ( 사B103 )  수 10:25 - 11:25 ( 사B103 )  수 11:25 - 12:25 ( 사B103 )
조기취업형 계약학과,스파·메디컬스킨케어과,기초체형관리,102,김윤정,1,전공과정,3,수 13:00 - 13:50 ( 사B103 )  수 14:00 - 14:50 ( 사B103 )  수 15:00 - 15:50 ( 사B103 )
조기취업형 계약학과,스파·메디컬스킨케어과,피부미용학,102,윤안나,1,전공과정,2,목 14:00 - 14:50 ( 사B201 )  목 15:00 - 15:50 ( 사B201 )
조기취업형 계약학과,스파·메디컬스킨케어과,헤어두피케어,101,김의향,1,전공과정,3,수 13:00 - 13:50 ( 사701 )  수 14:00 - 14:50 ( 사701 )  수 15:00 - 15:50 ( 사701 )
조기취업형 계약학과,스파·메디컬스킨케어과,헤어두피케어,102,김의향,1,전공과정,3,수 09:25 - 10:25 ( 사701 )  수 10:25 - 11:25 ( 사701 )  수 11:25 - 12:25 ( 사701 )
조기취업형 계약학과,스파·메디컬스킨케어과,화장품기초이론,101,정영옥,1,통합전공교과,3,화 10:00 - 10:50 ( 사B201 )  화 11:00 - 11:50 ( 사B201 )  화 12:00 - 12:50 ( 사B201 )
조기취업형 계약학과,스파·메디컬스킨케어과,다이어트체형학,101,송한나,2,전공과정,2,금 13:00 - 13:50 ( 사B201 )  금 14:00 - 14:50 ( 사B201 )
조기취업형 계약학과,스파·메디컬스킨케어과,미용의료코디네이터,101,김윤정,2,통합전공교과,2,금 15:00 - 15:50 ( 사B201 )  금 16:00 - 16:50 ( 사B201 )
조기취업형 계약학과,스파·메디컬스킨케어과,미용의료코디네이터,102,김윤정,2,통합전공교과,2,금 11:00 - 11:50 ( 사B201 )  금 12:00 - 12:50 ( 사B201 )
조기취업형 계약학과,스파·메디컬스킨케어과,뷰티살롱워크,101,김성연,2,전공과정,3,화 09:25 - 10:25 ( 사B103 )  화 10:25 - 11:25 ( 사B103 )  화 11:25 - 12:25 ( 사B103 )
조기취업형 계약학과,스파·메디컬스킨케어과,뷰티살롱워크,102,김성연,2,전공과정,3,화 13:00 - 13:50 ( 사B103 )  화 14:00 - 14:50 ( 사B103 )  화 15:00 - 15:50 ( 사B103 )
조기취업형 계약학과,스파·메디컬스킨케어과,왁싱자격증,101,송진의,2,전공과정,3,금 10:00 - 10:50 ( 사B103 )  금 11:00 - 11:50 ( 사B103 )  금 12:00 - 12:50 ( 사B103 )
조기취업형 계약학과,스파·메디컬스킨케어과,왁싱자격증,102,송진의,2,전공과정,3,금 15:00 - 15:50 ( 사B103 )  금 16:00 - 16:50 ( 사B103 )  금 17:00 - 17:50 ( 사B103 )
조기취업형 계약학과,스파·메디컬스킨케어과,의사소통능력기반의삶과법에관한토론,101,서장석,2,교양과정,2,화 16:00 - 16:50 ( 사B105 )  화 17:00 - 17:50 ( 사B105 )
조기취업형 계약학과,스파·메디컬스킨케어과,임상통증테라피,101,윤안나,2,전공과정,3,화 13:00 - 13:50 ( 사701 )  화 14:00 - 14:50 ( 사701 )  화 15:00 - 15:50 ( 사701 )
조기취업형 계약학과,스파·메디컬스킨케어과,임상통증테라피,102,윤안나,2,전공과정,3,화 09:25 - 10:25 ( 사514 )  화 10:25 - 11:25 ( 사514 )  화 11:25 - 12:25 ( 사514 )
조기취업형 계약학과,스파·메디컬스킨케어과,현장직무훈련 OJT,102,최영은,2,전공과정,3,수 14:00 - 14:50 ( 예B120 )  수 15:00 - 15:50 ( 예B120 )  수 16:00 - 16:50 ( 예B120 )
조기취업형 계약학과,헤어·메이크업과,기초네일,101,김현정,1,전공과정,3,월 12:00 - 12:50 ( 사305 )  월 13:00 - 13:50 ( 사305 )  월 14:00 - 14:50 ( 사305 )
조기취업형 계약학과,헤어·메이크업과,기초네일,102,강명주,1,전공과정,3,수 09:00 - 09:50 ( 사B201 )  수 10:00 - 10:50 ( 사B201 )  수 11:00 - 11:50 ( 사B201 )
조기취업형 계약학과,헤어·메이크업과,기초네일,103,김현정,1,전공과정,3,화 09:00 - 09:50 ( 사305 )  화 10:00 - 10:50 ( 사305 )  화 11:00 - 11:50 ( 사305 )
조기취업형 계약학과,헤어·메이크업과,기초헤어펌,101,이서영,1,전공과정,3,금 09:00 - 09:50 ( 사513 )  금 10:00 - 10:50 ( 사513 )  금 11:00 - 11:50 ( 사513 )
조기취업형 계약학과,헤어·메이크업과,기초헤어펌,102,김병민,1,전공과정,3,화 09:00 - 09:50 ( 사513 )  화 10:00 - 10:50 ( 사513 )  화 11:00 - 11:50 ( 사513 )
조기취업형 계약학과,헤어·메이크업과,기초헤어펌,103,하송,1,전공과정,3,월 09:00 - 09:50 ( 사B207 )  월 10:00 - 10:50 ( 사B207 )  월 11:00 - 11:50 ( 사B207 )
조기취업형 계약학과,헤어·메이크업과,모발두피,101,송진영,1,전공과정,3,금 12:00 - 12:50 ( 사513 )  금 13:00 - 13:50 ( 사513 )  금 14:00 - 14:50 ( 사513 )
조기취업형 계약학과,헤어·메이크업과,모발두피,102,김병민,1,전공과정,3,화 12:00 - 12:50 ( 사513 )  화 13:00 - 13:50 ( 사513 )  화 14:00 - 14:50 ( 사513 )
조기취업형 계약학과,헤어·메이크업과,모발두피,103,강명주,1,전공과정,3,월 12:00 - 12:50 ( 사B207 )  월 13:00 - 13:50 ( 사B207 )  월 14:00 - 14:50 ( 사B207 )
조기취업형 계약학과,헤어·메이크업과,소독법과전염병학,101,강명주,1,전공과정,3,월 09:00 - 09:50 ( 공507 )  월 10:00 - 10:50 ( 공507 )  월 11:00 - 11:50 ( 공507 )
조기취업형 계약학과,헤어·메이크업과,소독법과전염병학,102,김현정,1,전공과정,3,월 09:00 - 09:50 ( 사B206 )  월 10:00 - 10:50 ( 사B206 )  월 11:00 - 11:50 ( 사B206 )
조기취업형 계약학과,헤어·메이크업과,소독법과전염병학,103,노은우,1,전공과정,3,수 12:00 - 12:50 ( 사B206 )  수 13:00 - 13:50 ( 사B206 )  수 14:00 - 14:50 ( 사B206 )
조기취업형 계약학과,헤어·메이크업과,응용메이크업I,101,강명주,1,전공과정,3,화 12:00 - 12:50 ( 사713 )  화 13:00 - 13:50 ( 사713 )  화 14:00 - 14:50 ( 사713 )
조기취업형 계약학과,헤어·메이크업과,응용메이크업I,102,강명주,1,전공과정,3,월 15:00 - 15:50 ( 사713 )  월 16:00 - 16:50 ( 사713 )  월 17:00 - 17:50 ( 사713 )
조기취업형 계약학과,헤어·메이크업과,응용메이크업I,103,강명주,1,전공과정,3,화 15:00 - 15:50 ( 사713 )  화 16:00 - 16:50 ( 사713 )  화 17:00 - 17:50 ( 사713 )
조기취업형 계약학과,헤어·메이크업과,컬러&디자인실습,101,김정하,1,전공과정,3,화 09:00 - 09:50 ( 사713 )  화 10:00 - 10:50 ( 사713 )  화 11:00 - 11:50 ( 사713 )
조기취업형 계약학과,헤어·메이크업과,컬러&디자인실습,102,김정하,1,전공과정,3,월 12:00 - 12:50 ( 사713 )  월 13:00 - 13:50 ( 사713 )  월 14:00 - 14:50 ( 사713 )
조기취업형 계약학과,헤어·메이크업과,컬러&디자인실습,103,김정하,1,전공과정,3,화 12:00 - 12:50 ( 사305 )  화 13:00 - 13:50 ( 사305 )  화 14:00 - 14:50 ( 사305 )
조기취업형 계약학과,헤어·메이크업과,공중보건학,103,강명주,2,전공과정,3,화 09:00 - 09:50 ( 공507 )  화 10:00 - 10:50 ( 공507 )  화 11:00 - 11:50 ( 공507 )
조기취업형 계약학과,헤어·메이크업과,공중보건학,104,윤선영,2,전공과정,3,화 15:00 - 15:50 ( 사305 )  화 16:00 - 16:50 ( 사305 )  화 17:00 - 17:50 ( 사305 )
조기취업형 계약학과,헤어·메이크업과,공중보건학,105,윤선영,2,전공과정,3,화 12:00 - 12:50 ( 공507 )  화 13:00 - 13:50 ( 공507 )  화 14:00 - 14:50 ( 공507 )
조기취업형 계약학과,헤어·메이크업과,네일아트,101,양제인,2,전공과정,3,월 12:00 - 12:50 ( 사B206 )  월 13:00 - 13:50 ( 사B206 )  월 14:00 - 14:50 ( 사B206 )
조기취업형 계약학과,헤어·메이크업과,네일아트,102,양제인,2,전공과정,3,수 09:00 - 09:50 ( 사305 )  수 10:00 - 10:50 ( 사305 )  수 11:00 - 11:50 ( 사305 )
조기취업형 계약학과,헤어·메이크업과,네일아트,103,양제인,2,전공과정,3,수 12:00 - 12:50 ( 사305 )  수 13:00 - 13:50 ( 사305 )  수 14:00 - 14:50 ( 사305 )
조기취업형 계약학과,헤어·메이크업과,맨즈컷트,101,임송아,2,전공과정,3,금 09:00 - 09:50 ( 사B207 )  금 10:00 - 10:50 ( 사B207 )  금 11:00 - 11:50 ( 사B207 )
조기취업형 계약학과,헤어·메이크업과,맨즈컷트,102,조은선,2,전공과정,3,화 09:00 - 09:50 ( 사B207 )  화 10:00 - 10:50 ( 사B207 )  화 11:00 - 11:50 ( 사B207 )
조기취업형 계약학과,헤어·메이크업과,맨즈컷트,103,하송,2,전공과정,3,월 12:00 - 12:50 ( 사513 )  월 13:00 - 13:50 ( 사513 )  월 14:00 - 14:50 ( 사513 )
조기취업형 계약학과,헤어·메이크업과,문제해결능력기반의삶과협상,101,서장석,2,교양과정,2,월 15:00 - 15:50 ( 사B206 )  월 16:00 - 16:50 ( 사B206 )
조기취업형 계약학과,헤어·메이크업과,문제해결능력기반의삶과협상,102,서장석,2,교양과정,2,수 15:00 - 15:50 ( 사B206 )  수 16:00 - 16:50 ( 사B206 )
조기취업형 계약학과,헤어·메이크업과,미용경영학,101,이서영,2,통합전공교과,3,금 15:00 - 15:50 ( 사B207 )  금 16:00 - 16:50 ( 사B207 )  금 17:00 - 17:50 ( 사B207 )
조기취업형 계약학과,헤어·메이크업과,미용경영학,102,윤선영,2,통합전공교과,3,월 15:00 - 15:50 ( 사305 )  월 16:00 - 16:50 ( 사305 )  월 17:00 - 17:50 ( 사305 )
조기취업형 계약학과,헤어·메이크업과,미용경영학,103,강명주,2,통합전공교과,3,화 15:00 - 15:50 ( 사B201 )  화 16:00 - 16:50 ( 사B201 )  화 17:00 - 17:50 ( 사B201 )
조기취업형 계약학과,헤어·메이크업과,미용학개론,101,김정하,2,통합전공교과,3,월 09:00 - 09:50 ( 사305 )  월 10:00 - 10:50 ( 사305 )  월 11:00 - 11:50 ( 사305 )
조기취업형 계약학과,헤어·메이크업과,미용학개론,102,강명주,2,통합전공교과,3,수 12:00 - 12:50 ( 사B201 )  수 13:00 - 13:50 ( 사B201 )  수 14:00 - 14:50 ( 사B201 )
조기취업형 계약학과,헤어·메이크업과,미용학개론,103,노은우,2,통합전공교과,3,수 09:00 - 09:50 ( 사B206 )  수 10:00 - 10:50 ( 사B206 )  수 11:00 - 11:50 ( 사B206 )
조기취업형 계약학과,헤어·메이크업과,헤어컬러,101,임송아,2,전공과정,3,금 12:00 - 12:50 ( 사B207 )  금 13:00 - 13:50 ( 사B207 )  금 14:00 - 14:50 ( 사B207 )
조기취업형 계약학과,헤어·메이크업과,헤어컬러,102,조은선,2,전공과정,3,화 12:00 - 12:50 ( 사B207 )  화 13:00 - 13:50 ( 사B207 )  화 14:00 - 14:50 ( 사B207 )
조기취업형 계약학과,헤어·메이크업과,헤어컬러,103,강명주,2,전공과정,3,월 09:00 - 09:50 ( 사513 )  월 10:00 - 10:50 ( 사513 )  월 11:00 - 11:50 ( 사513 )
조기취업형 계약학과,헤어·메이크업과,현장직무훈련 OJT,105,강명주,2,전공과정,3,목 15:00 - 15:50 ( 사513 )  목 16:00 - 16:50 ( 사513 )  목 17:00 - 17:50 ( 사513 )
조기취업형 계약학과,교양,AI·DX활용능력Ⅰ-1,802,백재순,1,교양과정,2,원격시험 배정시간
조기취업형 계약학과,교양,일상과함께하는교양건축Ⅰ-4,802,태영란,1,교양과정,2,원격시험 배정시간
조기취업형 계약학과,AI융합서비스학과,AI서비스인프라기초,101,진강훈,1,전공과정,3,월 09:00 - 09:50 ( 예B119 )  월 10:00 - 10:50 ( 예B119 )  월 11:00 - 11:50 ( 예B119 )
조기취업형 계약학과,AI융합서비스학과,AI서비스인프라실습,101,진강훈,1,전공과정,3,월 13:00 - 13:50 ( 예B119 )  월 14:00 - 14:50 ( 예B119 )  월 15:00 - 15:50 ( 예B119 )
조기취업형 계약학과,AI융합서비스학과,드론산업인사이트프로젝트,101,김이삭,1,전공과정,3,목 14:00 - 14:50 ( 예B119 )  목 15:00 - 15:50 ( 예B119 )  목 16:00 - 16:50 ( 예B119 )
조기취업형 계약학과,AI융합서비스학과,인공지능융합기술,101,백재순,1,전공과정,3,화 09:00 - 09:50 ( 사103 )  화 10:00 - 10:50 ( 사103 )  화 11:00 - 11:50 ( 사103 )
조기취업형 계약학과,AI융합서비스학과,지능형드론시스템개론,101,김이삭,1,전공과정,3,목 10:00 - 10:50 ( 예B119 )  목 11:00 - 11:50 ( 예B119 )  목 12:00 - 12:50 ( 예B119 )
조기취업형 계약학과,AI융합서비스학과,캡스톤디자인Ⅰ(인공지능),101,백재순,1,전공과정,3,수 09:00 - 09:50 ( 사103 )  수 10:00 - 10:50 ( 사103 )  수 11:00 - 11:50 ( 사103 )
조기취업형 계약학과,AI융합서비스학과,파이썬프로그래밍,101,윤영현,1,전공과정,3,화 13:00 - 13:50 ( 사103 )  화 14:00 - 14:50 ( 사103 )  화 15:00 - 15:50 ( 사103 )
